Station_ID,State,City,Latitude,Longitude,Charger_Type,Number_of_Ports,Daily_Utilization_Pct,Installation_Cost_INR,Monthly_Maintenance_INR,Power_Output_kW,Operational_Since,Utilization_Category
ST-0297,Haryana,Ambala,15.7894,72.4,AC Level 2,4,73.9,381000,4600,22.3,30-11-2020,Normal
ST-0179,Haryana,Panipat,20.2032,70.0612,AC Level 2,4,86.1,408000,4900,24,21-06-2023,High
ST-0066,Tamil Nadu,Madurai,15.1719,81.1475,AC Level 1,4,88.1,155000,1900,3.1,10-11-2021,High
ST-0180,Rajasthan,Ajmer,22.6192,77.387,AC Level 2,4,81.4,380000,4600,20.5,01-11-2020,High
ST-0134,Haryana,Panipat,27.9742,73.7554,Ultra-Fast DC,4,28.6,2643000,31700,154.9,20-02-2022,Low
ST-0298,Andhra Pradesh,Tirupati,21.5206,85.9609,Ultra-Fast DC,4,54.9,2765000,33200,162.6,26-07-2022,Normal
ST-0185,Haryana,Faridabad,20.677,73.5698,Ultra-Fast DC,4,60.8,2149000,25800,154.4,23-10-2020,Normal
ST-0189,West Bengal,Howrah,16.2515,83.7608,Ultra-Fast DC,4,71.9,2727000,32700,161.4,25-07-2021,Normal
ST-0174,Haryana,Faridabad,26.4383,79.4718,DC Fast Charger,4,82.5,956000,11500,59.5,30-04-2022,High
ST-0162,Telangana,Karimnagar,17.3112,75.2615,Ultra-Fast DC,4,42.3,2645000,31700,150.5,06-09-2022,Low
ST-0128,Madhya Pradesh,Bhopal,23.2189,77.4234,Ultra-Fast DC,4,11.1,2600000,31200,147.9,28-10-2021,Low
ST-0129,West Bengal,Kolkata,22.6217,88.3701,Ultra-Fast DC,4,24.7,2256000,27100,143.6,01-11-2021,Low
ST-0164,Haryana,Ambala,16.8428,78.546,DC Fast Charger,4,79.8,972000,11700,57.1,23-04-2020,High
ST-0202,Tamil Nadu,Madurai,211.7875,71.2584,AC Level 2,4,88.9,367000,4400,22,04-11-2020,High
ST-0157,Uttar Pradesh,Allahabad,29.0085,80.2396,DC Fast Charger,4,80.6,918000,11000,64.8,27-11-2020,High
ST-0171,Maharashtra,Kolhapur,28.5879,79.9102,AC Level 2,4,82,429000,5100,20.9,21-09-2021,High
ST-0025,Gujarat,Ahmedabad,22.9925,72.5711,Ultra-Fast DC,4,50.2,2133000,25600,153.1,19-01-2021,Normal
ST-0115,Uttar Pradesh,Lucknow,26.8226,80.916,DC Fast Charger,4,78.8,885000,10600,57.8,19-10-2021,High
ST-0021,Delhi,Noida,23.0606,81.054,Ultra-Fast DC,4,42.1,2539000,30500,153.5,22-08-2021,Low
ST-0227,Punjab,Amritsar,23.1582,83.9294,DC Fast Charger,4,19.3,924000,11100,60.6,30-12-2022,Low
ST-0015,Telangana,Hyderabad,17.3791,78.5217,Ultra-Fast DC,4,65.2,2372000,28500,136.8,09-12-2022,Normal
ST-0247,West Bengal,Durgapur,17.1986,77.269,AC Level 1,4,70.8,150000,1800,3,10-07-2023,Normal
ST-0121,Andhra Pradesh,Kurnool,16.1585,84.7508,Ultra-Fast DC,4,68.8,2520000,30200,142.4,18-07-2020,Normal
ST-0007,Uttar Pradesh,Kanpur,29.9077,83.6147,DC Fast Charger,4,63.9,902000,10800,57,26-03-2022,Normal
ST-0013,Madhya Pradesh,Gwalior,25.6093,79.6608,Ultra-Fast DC,4,89.7,2523000,30300,143.4,27-04-2022,High
ST-0184,Gujarat,Bhavnagar,25.1083,75.1808,AC Level 1,4,75.2,136000,1600,3.5,24-04-2022,High
ST-0003,Gujarat,Rajkot,23.7136,75.2348,DC Fast Charger,4,89.1,885000,10600,60.3,05-07-2021,High
ST-0080,Gujarat,Surat,21.1731,72.821,Ultra-Fast DC,4,55.9,2842000,34100,160.3,29-12-2023,Normal
ST-0068,Andhra Pradesh,Visakhapatnam,17.7328,83.1758,AC Level 1,4,22.7,168000,2000,3.4,15-02-2021,Low
ST-0222,Punjab,Ludhiana,17.2968,74.84,Ultra-Fast DC,4,76.4,2515000,30200,144.5,02-01-2021,High
ST-0259,Karnataka,Shivamogga,25.1055,75.344,DC Fast Charger,4,33.6,1012000,12100,57,11-06-2022,Low
ST-0046,Maharashtra,Pune,18.5047,73.8806,AC Level 2,4,58.1,393000,4700,20.5,24-12-2022,Normal
ST-0175,Tamil Nadu,Vellore,20.5868,72.5914,AC Level 2,4,49.3,344000,4100,19.9,18-07-2023,Low
ST-0300,Haryana,Faridabad,26.2496,83.1929,AC Level 2,4,49.2,415000,5000,21.6,02-05-2022,Low
ST-0191,Maharashtra,Solapur,29.6706,70.5989,Ultra-Fast DC,4,42.8,2659000,31900,152.9,08-09-2022,Low
ST-0292,Kerala,Kollam,25.5993,82.9217,AC Level 1,4,93.6,168000,2000,3.3,11-09-2021,Critical
ST-0231,Haryana,Ambala,28.3067,79.5193,DC Fast Charger,4,53.7,857000,10300,59.1,30-08-2020,Normal
ST-0280,Haryana,Gurugram,27.3247,81.148,AC Level 1,4,17.7,142000,1700,3,17-07-2022,Low
ST-0109,Tamil Nadu,Madurai,27.5864,75.4171,Ultra-Fast DC,4,82.7,2263000,27200,143,18-01-2021,High
ST-0136,Tamil Nadu,Madurai,29.9398,80.6838,AC Level 2,4,47.4,367000,4400,21.3,23-09-2022,Low
ST-0295,Rajasthan,Jaipur,26.9329,75.7956,DC Fast Charger,4,81.4,942000,11300,65.9,09-06-2023,High
ST-0093,Punjab,Chandigarh,30.7344,76.7473,Ultra-Fast DC,4,67.9,2181000,26200,145.1,02-05-2021,Normal
ST-0187,Gujarat,Vadodara,22.2887,73.171,AC Level 1,4,83,145000,1700,3.3,28-07-2022,High
ST-0028,Delhi,Noida,30.004,77.4489,AC Level 1,4,32.3,163000,2000,3.6,29-06-2021,Low
ST-0255,Maharashtra,Nagpur,21.1655,79.0465,AC Level 1,4,39.4,167000,2000,3.1,07-12-2021,Low
ST-0144,Tamil Nadu,Tiruchirappalli,15.78,85.8905,AC Level 1,4,47.4,133000,1600,3.5,01-11-2022,Low
ST-0245,Karnataka,Hubli,29.6497,75.4469,Ultra-Fast DC,4,84.9,2844000,34100,163.7,24-07-2021,High
ST-0150,Madhya Pradesh,Jabalpur,22.0877,72.3232,Ultra-Fast DC,4,75.3,2462000,29500,138.4,21-10-2023,High
ST-0017,Uttar Pradesh,Allahabad,16.8661,78.4204,AC Level 2,4,74.2,388000,4700,24.1,02-09-2022,Normal
ST-0151,Rajasthan,Ajmer,25.2432,70.6957,DC Fast Charger,4,96.4,960000,11500,54.1,07-07-2021,Critical
ST-0088,Telangana,Karimnagar,21.7579,72.8957,AC Level 2,4,87.3,410000,4900,23.2,17-11-2023,High
ST-0269,Madhya Pradesh,Bhopal,23.21,77.4033,AC Level 1,4,63.1,166000,2000,3.2,12-08-2023,Normal
ST-0246,Punjab,Patiala,23.9479,82.1092,Ultra-Fast DC,4,95.1,2499000,30000,142.2,19-09-2022,Critical
ST-0062,Madhya Pradesh,Ujjain,17.9013,79.8586,AC Level 2,4,86,378000,4500,23.1,24-10-2021,High
ST-0211,Uttar Pradesh,Agra,17.3771,85.5167,DC Fast Charger,4,65.3,1004000,12000,55,03-03-2023,Normal
ST-0057,Haryana,Ambala,21.2815,83.8925,AC Level 2,4,59.1,394000,4700,23.3,16-09-2021,Normal
ST-0041,Madhya Pradesh,Jabalpur,26.5086,72.4274,DC Fast Charger,4,75.3,900000,10800,63.7,16-07-2020,High
ST-0077,Punjab,Amritsar,24.8252,79.0641,AC Level 2,4,25.8,397000,4800,22.8,12-01-2021,Low
ST-0266,Uttar Pradesh,Kanpur,18.6456,81.9378,DC Fast Charger,4,90.2,1013000,12200,57.2,22-07-2023,Critical
ST-0033,Maharashtra,Nagpur,21.1536,79.0388,Ultra-Fast DC,4,56.2,2516000,30200,157.6,10-11-2023,Normal
ST-0234,West Bengal,Siliguri,15.9218,71.9316,DC Fast Charger,4,83,773000,9300,56.4,16-07-2020,High
ST-0053,Haryana,Panipat,28.7963,78.1393,AC Level 2,4,56.1,391000,4700,21.8,15-11-2020,Normal
ST-0034,Kerala,Thiruvananthapuram,20.545,71.414,AC Level 2,4,86.4,455000,5500,22.9,04-07-2023,High
ST-0052,Maharashtra,Nagpur,21.1039,79.0818,DC Fast Charger,4,69.8,877000,10500,63.9,13-11-2023,Normal
ST-0048,Punjab,Patiala,20.4059,77.3205,Ultra-Fast DC,4,64.2,2300000,27600,158.7,30-10-2022,Normal
ST-0214,West Bengal,Howrah,26.7222,82.2525,AC Level 2,4,44.7,361000,4300,19.8,18-10-2023,Low
ST-0299,Uttar Pradesh,Lucknow,26.7999,80.966,AC Level 1,4,44.4,149000,1800,3.3,04-01-2021,Low
ST-0023,Tamil Nadu,Vellore,26.0606,76.1926,Ultra-Fast DC,4,66.3,2167000,26000,156.4,04-07-2023,Normal
ST-0073,Delhi,Dwarka,29.9162,85.6126,DC Fast Charger,4,79.9,939000,11300,59,01-03-2020,High
ST-0169,Rajasthan,Jaipur,26.8621,75.818,Ultra-Fast DC,4,77.3,2231000,26800,155,20-10-2023,High
ST-0100,Gujarat,Gandhinagar,15.8899,79.1081,AC Level 1,5,81,148000,1800,3.4,24-05-2022,High
ST-0031,Madhya Pradesh,Indore,22.7349,75.8938,DC Fast Charger,2,91.4,833000,10000,65.6,02-06-2021,Critical
ST-0235,Punjab,Ludhiana,28.7852,73.2783,AC Level 2,9,93.5,361000,4300,22.5,04-07-2020,Critical
ST-0036,Punjab,Chandigarh,30.776,76.7561,AC Level 2,9,79.4,425000,5100,21.6,02-10-2020,High
ST-0198,Andhra Pradesh,Vijayawada,17.0949,75.3308,AC Level 1,5,81.8,137000,1600,3.5,06-04-2021,High
ST-0260,Gujarat,Rajkot,24.574,85.5814,AC Level 1,6,97.5,171000,2000,3.3,07-04-2020,Critical
ST-0143,Rajasthan,Udaipur,19.3742,70.5231,DC Fast Charger,2,86.3,919000,11000,55.5,30-03-2023,High
ST-0287,Telangana,Nizamabad,27.369,77.9174,AC Level 2,5,93.7,355000,4300,23.6,09-10-2022,Critical
ST-0275,West Bengal,Asansol,22.0993,73.9452,DC Fast Charger,5,88.7,839000,10100,56.6,23-09-2021,High
ST-0054,Tamil Nadu,Madurai,20.5496,79.299,AC Level 2,10,84.7,367000,4400,20.8,14-03-2023,High
ST-0075,Gujarat,Gandhinagar,23.03,85.4834,DC Fast Charger,3,88.2,876000,10500,58.8,29-08-2023,High
ST-0176,Kerala,Thrissur,26.6698,70.222,Ultra-Fast DC,2,90.3,2561000,30700,163.1,01-07-2020,Critical
ST-0127,Rajasthan,Jodhpur,23.03,79.4428,Ultra-Fast DC,2,87.8,2762000,33100,155.2,20-12-2020,High
ST-0165,Madhya Pradesh,Bhopal,23.3026,77.4308,DC Fast Charger,5,88.4,925000,11100,66,19-08-2023,High
ST-0270,Haryana,Gurugram,29.4723,77.7653,AC Level 1,2,79.8,151000,1800,3.2,17-05-2023,High
ST-0289,Telangana,Warangal,15.3943,85.6079,AC Level 2,7,77.8,435000,5200,21.6,08-04-2023,High
ST-0095,West Bengal,Durgapur,24.3154,78.8835,AC Level 2,5,94.7,451000,5400,20.8,30-08-2023,Critical
ST-0238,Punjab,Patiala,15.0581,81.6342,AC Level 2,10,75,436000,5200,23.3,30-11-2023,High
ST-0011,Karnataka,Mangaluru,24.1906,77.3865,AC Level 2,9,76.1,410000,4900,23.9,16-07-2023,High
ST-0105,West Bengal,Siliguri,19.8467,70.1231,DC Fast Charger,6,77.8,1004000,12100,56.5,25-12-2020,High
ST-0085,Gujarat,Gandhinagar,23.0422,85.7121,AC Level 1,6,80.5,128000,1500,3.3,23-01-2021,High
ST-0283,Madhya Pradesh,Jabalpur,26.906,75.103,Ultra-Fast DC,3,78.2,2342000,28100,144.4,31-07-2021,High
ST-0132,Punjab,Chandigarh,30.751,76.8261,DC Fast Charger,2,85.7,824000,9900,57,18-09-2020,High
ST-0173,Punjab,Amritsar,21.4091,82.9968,Ultra-Fast DC,2,79.2,2660000,31900,150.1,20-10-2021,High
ST-0072,West Bengal,Durgapur,20.0027,76.334,AC Level 2,6,85.7,386000,4600,20,04-07-2023,High
ST-0086,Delhi,Noida,20.9447,74.8307,DC Fast Charger,5,86,999000,12000,65.5,09-06-2023,High
ST-0156,Haryana,Yamunanagar,16.9231,80.4972,AC Level 2,9,86.2,388000,4700,23.6,26-08-2021,High
ST-0119,Uttar Pradesh,Lucknow,26.8129,77.82,AC Level 1,2,92.5,172000,2100,3.2,23-05-2022,Critical
ST-0114,Andhra Pradesh,Visakhapatnam,17.6635,83.2584,AC Level 1,2,94.4,169000,2000,3.4,13-11-2021,Critical
ST-0153,Rajasthan,Bikaner,25.3576,72.8962,AC Level 1,2,85.7,133000,1600,3.1,22-04-2022,High
ST-0276,Maharashtra,Mumbai,19.0673,72.8498,AC Level 1,3,75.4,136000,1600,3.1,25-09-2021,High
ST-0278,Delhi,New Delhi,28.5817,77.1842,DC Fast Charger,3,82.9,956000,11500,57.9,17-07-2023,High
ST-0116,Gujarat,Surat,21.1842,72.7833,Ultra-Fast DC,2,76.7,2848000,34200,157.8,14-07-2021,High
ST-0181,Madhya Pradesh,Jabalpur,22.4733,72.5753,AC Level 1,2,77.8,148000,1800,3,05-03-2021,High
ST-0043,Karnataka,Bengaluru,13.0127,77.6027,Ultra-Fast DC,3,75.8,2378000,28500,149.8,10-04-2020,High
ST-0244,Uttar Pradesh,Meerut,24.8774,71.4076,AC Level 2,7,77,371000,4500,20.2,11-12-2020,High
ST-0192,Punjab,Ludhiana,21.7629,73.8104,AC Level 1,5,82.3,143000,1700,3.2,28-08-2021,High
ST-0022,Kerala,Thiruvananthapuram,26.9056,77.82,AC Level 2,8,88,389000,4700,23.4,26-05-2021,High
ST-0216,Rajasthan,Kota,17.1755,83.6505,DC Fast Charger,2,95.6,949000,11400,62.4,07-12-2021,Critical
ST-0221,Uttar Pradesh,Lucknow,26.8258,80.9206,DC Fast Charger,5,80.8,937000,11200,65.2,24-02-2020,High
ST-0296,Haryana,Panipat,22.7118,77.0103,AC Level 2,9,90.4,355000,4300,21,12-02-2023,Critical
ST-0037,Delhi,New Delhi,28.5689,77.1781,DC Fast Charger,5,92.7,892000,10700,64.3,06-03-2023,Critical
ST-0178,Uttar Pradesh,Varanasi,18.5491,72.7859,AC Level 1,6,88.9,130000,1600,3.6,08-07-2023,High
ST-0064,Kerala,Kochi,9.9302,76.27,DC Fast Charger,5,78.4,957000,11500,62.1,21-06-2022,High
ST-0237,Kerala,Kochi,9.9261,76.2245,AC Level 1,6,76.7,137000,1600,3.4,17-12-2020,High
ST-0225,Tamil Nadu,Tiruchirappalli,15.8834,75.1028,AC Level 2,5,88.9,342000,4100,23,09-01-2022,High
ST-0056,Madhya Pradesh,Gwalior,15.6099,82.9242,Ultra-Fast DC,3,92.7,2181000,26200,135,13-12-2021,Critical
ST-0203,Haryana,Faridabad,22.8404,80.0275,DC Fast Charger,6,82,992000,11900,60.3,28-08-2022,High
ST-0273,Rajasthan,Ajmer,26.0948,82.8718,AC Level 2,5,81.4,373000,4500,21.6,24-12-2020,High
ST-0213,Maharashtra,Solapur,24.2871,73.5529,DC Fast Charger,2,88.6,899000,10800,56.9,09-04-2023,High
ST-0147,Punjab,Patiala,27.9443,75.4615,AC Level 1,3,88,152000,1800,3.5,25-04-2022,High
ST-0082,Telangana,Hyderabad,17.4099,78.5188,AC Level 2,10,86.9,392000,4700,23.5,28-12-2020,High
ST-0071,Haryana,Yamunanagar,22.9441,77.82,Ultra-Fast DC,1,83.1,2824000,33900,162.9,21-05-2021,High
ST-0230,Uttar Pradesh,Lucknow,26.8764,80.9056,AC Level 1,5,80.9,155000,1900,3.4,11-10-2020,High
ST-0243,Gujarat,Ahmedabad,22.9957,72.5796,DC Fast Charger,5,78.2,811000,9700,64.2,22-03-2022,High
ST-0249,Kerala,Kozhikode,17.272,79.9132,AC Level 1,2,80.1,133000,1600,3.4,12-08-2022,High
ST-0208,Tamil Nadu,Vellore,25.391,80.645,AC Level 2,5,95.6,342000,4100,23,10-10-2021,Critical
ST-0081,Madhya Pradesh,Gwalior,17.7757,76.1964,Ultra-Fast DC,2,87.2,2397000,28800,151.4,07-03-2020,High
ST-0122,Uttar Pradesh,Agra,25.2654,81.3837,Ultra-Fast DC,1,83.2,2524000,30300,141.5,17-06-2023,High
ST-0103,Uttar Pradesh,Allahabad,26.9528,81.7957,AC Level 2,7,93.7,439000,5300,22.6,14-11-2021,Critical
ST-0196,Karnataka,Belagavi,28.1902,81.7255,AC Level 1,6,75.5,129000,1500,3.1,15-08-2020,High
ST-0168,Andhra Pradesh,Kurnool,18.6176,76.1843,DC Fast Charger,5,75.6,967000,11600,60.3,16-03-2020,High
ST-0117,Karnataka,Bengaluru,12.979,77.5494,AC Level 1,3,82.6,155000,1900,3.3,09-07-2021,High
ST-0219,Gujarat,Vadodara,22.3353,73.2273,DC Fast Charger,5,78.6,874000,10500,58.4,14-01-2020,High
ST-0090,Andhra Pradesh,Tirupati,25.9409,85.6058,AC Level 2,8,47.6,398000,4800,23.3,15-12-2020,Low
ST-0293,Telangana,Karimnagar,16.9812,84.302,AC Level 1,6,34.1,133000,1600,3.5,28-10-2022,Low
ST-0241,Punjab,Chandigarh,30.6973,76.7523,AC Level 1,2,12.7,164000,2000,3.5,27-02-2022,Low
ST-0277,Madhya Pradesh,Gwalior,28.5854,80.9573,AC Level 2,7,22.9,359000,4300,22.3,07-06-2021,Low
ST-0170,Haryana,Yamunanagar,17.2447,79.2359,AC Level 1,2,29.7,131000,1600,3.1,01-09-2023,Low
ST-0004,Uttar Pradesh,Meerut,23.03,72.945,Ultra-Fast DC,3,27.1,2732000,32800,156.7,31-03-2022,Low
ST-0161,Kerala,Kozhikode,26.6124,70.3124,Ultra-Fast DC,1,37.1,2607000,31300,154.3,23-09-2023,Low
ST-0183,Punjab,Ludhiana,22.3049,71.8366,AC Level 2,8,13.8,424000,5100,20.4,08-05-2022,Low
ST-0067,Gujarat,Bhavnagar,23.1109,73.289,DC Fast Charger,6,24.7,1017000,12200,54.9,24-11-2023,Low
ST-0042,West Bengal,Kolkata,22.5786,88.384,AC Level 2,5,48.7,423000,5100,22.6,27-01-2021,Low
ST-0107,Tamil Nadu,Vellore,21.9095,83.8541,DC Fast Charger,5,16.9,868000,10400,63.8,03-12-2022,Low
ST-0154,Karnataka,Belagavi,16.5811,77.1746,AC Level 2,6,35.6,441000,5300,21.2,18-02-2020,Low
ST-0024,Gujarat,Gandhinagar,26.4698,84.521,DC Fast Charger,6,41.7,1015000,12200,61.5,25-04-2022,Low
ST-0005,Delhi,Noida,17.7131,72.0512,AC Level 2,9,29.8,409000,4900,20.2,11-02-2023,Low
ST-0194,Uttar Pradesh,Kanpur,28.158,76.4421,DC Fast Charger,2,49.3,840000,10100,62,27-02-2022,Low
ST-0215,Madhya Pradesh,Bhopal,23.3024,77.4497,Ultra-Fast DC,1,38.8,2220000,26600,146.2,27-09-2023,Low
ST-0029,Punjab,Jalandhar,16.0433,77.4935,AC Level 2,10,42.7,359000,4300,19.9,06-09-2020,Low
ST-0282,Gujarat,Bhavnagar,19.5595,79.2134,AC Level 1,3,35.3,138000,1700,3.5,01-05-2023,Low
ST-0019,Andhra Pradesh,Kurnool,21.5468,80.2807,DC Fast Charger,6,44.6,925000,11100,60.6,02-07-2020,Low
ST-0124,Uttar Pradesh,Lucknow,26.8914,80.9366,AC Level 2,10,30.7,404000,4800,21.8,06-11-2022,Low
ST-0104,Rajasthan,Ajmer,27.1118,73.3526,AC Level 2,6,40.7,424000,5100,21.9,06-09-2021,Low
ST-0205,Madhya Pradesh,Gwalior,21.16,75.532,DC Fast Charger,6,48.3,996000,12000,64.4,26-07-2022,Low
ST-0195,Andhra Pradesh,Guntur,22.9288,74.6993,DC Fast Charger,1,42.9,990000,11900,61.2,03-11-2023,Low
ST-0070,Maharashtra,Aurangabad,28.038,80.3671,AC Level 2,8,38.7,363000,4400,24,19-09-2022,Low
ST-0182,Telangana,Karimnagar,20.0465,82.8939,Ultra-Fast DC,2,40.1,2474000,29700,144.1,19-11-2020,Low
ST-0207,Punjab,Ludhiana,17.2231,74.5553,AC Level 2,5,26.5,368000,4400,24,08-01-2021,Low
ST-0286,Kerala,Thrissur,23.9978,72.3812,DC Fast Charger,2,41.5,927000,11100,55.2,12-12-2022,Low
ST-0091,Rajasthan,Ajmer,28.1095,83.8438,AC Level 2,5,49.9,370000,4400,20.4,22-09-2021,Low
ST-0190,Maharashtra,Solapur,26.0464,73.9014,DC Fast Charger,3,42.6,876000,10500,61.8,20-03-2023,Low
ST-0242,Delhi,Noida,23.9672,74.9577,Ultra-Fast DC,3,39.4,2589000,31100,146.6,26-05-2022,Low
ST-0058,West Bengal,Kolkata,22.6205,88.3372,DC Fast Charger,3,42.7,1010000,12100,61.6,13-04-2020,Low
ST-0274,Gujarat,Vadodara,22.3379,73.211,AC Level 1,5,46.5,141000,1700,3.3,10-10-2021,Low
ST-0140,Maharashtra,Kolhapur,25.605,71.7645,Ultra-Fast DC,3,43.7,2376000,28500,155,10-08-2022,Low
ST-0120,Telangana,Warangal,25.5242,84.3018,Ultra-Fast DC,3,38.6,2791000,33500,164,09-02-2021,Low
ST-0079,Punjab,Amritsar,16.5962,72.9067,DC Fast Charger,6,35.7,893000,10700,62.4,06-05-2023,Low
ST-0047,Telangana,Warangal,17.8814,80.5408,AC Level 2,9,26.9,356000,4300,22.7,04-08-2020,Low
ST-0267,Gujarat,Rajkot,18.961,74.6105,AC Level 2,9,45,443000,5300,23.2,11-04-2022,Low
ST-0272,Kerala,Kollam,29.0391,78.3972,DC Fast Charger,3,39.1,828000,9900,61.3,03-10-2021,Low
ST-0265,Madhya Pradesh,Ujjain,27.1668,83.6114,Ultra-Fast DC,2,33.2,2704000,32400,151.3,16-01-2022,Low
ST-0271,Delhi,New Delhi,28.589,77.223,DC Fast Charger,3,47.8,951000,11400,55.3,17-08-2020,Low
ST-0111,Gujarat,Vadodara,22.2702,73.1612,AC Level 2,6,49.1,369000,4400,20,05-02-2022,Low
ST-0240,Gujarat,Rajkot,16.6975,85.7235,AC Level 1,5,49.4,166000,2000,3.1,12-10-2022,Low
ST-0063,Madhya Pradesh,Ujjain,16.3273,80.7296,Ultra-Fast DC,3,44.1,2445000,29300,160.8,06-12-2021,Low
ST-0101,Kerala,Kozhikode,18.9395,79.1655,DC Fast Charger,6,34.8,799000,9600,63,30-11-2022,Low
ST-0149,Delhi,New Delhi,23.03,77.2294,Ultra-Fast DC,2,49,2314000,27800,153.9,16-02-2022,Low
ST-0040,Maharashtra,Thane,26.6667,73.7954,AC Level 1,6,37.9,167000,2000,3.2,09-12-2022,Low
ST-0159,Uttar Pradesh,Lucknow,26.842,80.9303,Ultra-Fast DC,1,40.2,2143000,25700,150.4,21-10-2020,Low
ST-0018,Uttar Pradesh,Meerut,28.9787,78.753,AC Level 2,5,45.5,396000,4700,21,16-07-2023,Low
ST-0220,Telangana,Karimnagar,21.2363,78.8866,AC Level 2,5,10.1,346000,4200,21.1,08-02-2023,Low
ST-0257,Karnataka,Hubli,16.6806,72.7133,DC Fast Charger,5,46.3,984000,11800,57.8,30-06-2021,Low
ST-0098,Karnataka,Hubli,19.8728,84.3171,AC Level 1,5,43.1,168000,2000,3.3,22-08-2021,Low
ST-0069,Punjab,Patiala,19.0695,77.3977,AC Level 1,2,19.2,171000,2000,3.1,08-08-2020,Low
ST-0130,Uttar Pradesh,Allahabad,24.9175,71.401,AC Level 2,10,41.6,391000,4700,20.5,15-09-2023,Low
ST-0020,Uttar Pradesh,Agra,20.4494,74.1599,DC Fast Charger,6,40,796000,9600,54.8,05-12-2021,Low
ST-0138,Tamil Nadu,Salem,22.6784,78.8827,Ultra-Fast DC,2,15.6,2578000,30900,149.4,19-05-2022,Low
ST-0137,Madhya Pradesh,Jabalpur,29.6304,72.148,AC Level 2,10,42.1,425000,5100,21,30-06-2023,Low
ST-0291,Telangana,Khammam,18.8593,71.5311,AC Level 1,2,49.8,141000,1700,3.4,26-12-2021,Low
ST-0239,Kerala,Thiruvananthapuram,21.6004,85.2919,AC Level 2,7,39,439000,5300,20,19-11-2022,Low
ST-0032,Uttar Pradesh,Allahabad,19.4817,75.7254,AC Level 1,3,24.4,140000,1700,3.2,26-10-2021,Low
ST-0089,Madhya Pradesh,Indore,22.7326,75.8201,AC Level 1,5,47.6,145000,1700,3.1,08-12-2022,Low
ST-0059,Madhya Pradesh,Jabalpur,29.5586,82.0242,AC Level 1,3,30.6,135000,1600,3.2,30-10-2020,Low
ST-0261,Delhi,Gurugram,20.9827,73.6086,AC Level 1,6,21.9,152000,1800,3,13-07-2021,Low
ST-0288,Telangana,Warangal,21.4524,73.2767,AC Level 2,9,36.9,368000,4400,23.3,04-01-2021,Low
ST-0163,Telangana,Nizamabad,27.6857,82.5415,AC Level 1,6,49.7,154000,1800,3,12-11-2023,Low
ST-0008,Karnataka,Shivamogga,17.4652,73.4799,DC Fast Charger,2,52.4,939000,11300,61.2,16-11-2021,Normal
ST-0014,Tamil Nadu,Coimbatore,10.9758,76.9484,AC Level 2,9,55.1,408000,4900,22,07-12-2020,Normal
ST-0193,Gujarat,Bhavnagar,30.0244,70.2213,DC Fast Charger,5,51.3,938000,11300,65.2,20-07-2022,Normal
ST-0148,Punjab,Jalandhar,18.5597,77.0323,AC Level 2,8,63,382000,4600,23.2,08-08-2023,Normal
ST-0135,Telangana,Khammam,18.1469,72.7706,AC Level 2,8,64.7,420000,5000,20.7,04-05-2022,Normal
ST-0233,Telangana,Hyderabad,17.3368,78.4435,Ultra-Fast DC,1,62.5,2456000,29500,154.3,13-09-2023,Normal
ST-0158,Punjab,Ludhiana,19.1582,71.0085,Ultra-Fast DC,3,54.5,2688000,32300,136.7,30-12-2020,Normal
ST-0236,Tamil Nadu,Vellore,29.1075,85.2174,DC Fast Charger,6,59.2,872000,10500,62.4,31-10-2022,Normal
ST-0113,Rajasthan,Kota,25.9486,78.3812,DC Fast Charger,2,65.9,1010000,12100,64.2,24-02-2021,Normal
ST-0160,West Bengal,Asansol,18.2578,80.3026,Ultra-Fast DC,1,58.9,2275000,27300,149.3,24-05-2020,Normal
ST-0210,Tamil Nadu,Madurai,21.6978,85.568,DC Fast Charger,5,55.8,803000,9600,54.6,24-10-2020,Normal
ST-0030,Punjab,Amritsar,20.7585,85.6337,AC Level 2,5,70.8,440000,5300,20.1,03-12-2022,Normal
ST-0218,Delhi,Dwarka,27.1175,85.4861,Ultra-Fast DC,1,68.7,2526000,30300,146.5,21-10-2020,Normal
ST-0141,West Bengal,Kolkata,22.6102,88.3587,AC Level 2,9,54.5,342000,4100,21.6,09-06-2023,Normal
ST-0252,West Bengal,Durgapur,28.2991,72.6437,Ultra-Fast DC,1,57.2,2213000,26600,139.2,12-08-2020,Normal
ST-0258,Maharashtra,Kolhapur,23.8008,85.7503,Ultra-Fast DC,1,55.2,2443000,29300,152.9,27-09-2022,Normal
ST-0251,Telangana,Hyderabad,17.3557,78.5014,Ultra-Fast DC,1,51.1,2328000,27900,160.8,28-12-2020,Normal
ST-0268,Gujarat,Ahmedabad,22.9952,72.5684,DC Fast Charger,6,52.5,1004000,12000,62,14-05-2022,Normal
ST-0232,Gujarat,Surat,21.1226,72.8146,AC Level 2,5,70.2,388000,4700,23.5,09-06-2020,Normal
ST-0012,Kerala,Kollam,21.0425,84.4671,AC Level 1,3,62.2,169000,2000,3.4,10-10-2021,Normal
ST-0099,Uttar Pradesh,Kanpur,16.8214,83.7487,DC Fast Charger,6,65.2,1002000,12000,57.4,26-11-2023,Normal
ST-0177,Andhra Pradesh,Kurnool,28.2771,76.6359,Ultra-Fast DC,3,63.5,2248000,27000,141.7,07-12-2022,Normal
ST-0217,Rajasthan,Udaipur,29.6502,84.0339,AC Level 1,3,57.6,157000,1900,3.1,25-06-2022,Normal
ST-0092,Delhi,Faridabad,26.4829,77.1399,AC Level 2,5,63.6,412000,4900,22.5,29-06-2023,Normal
ST-0078,Rajasthan,Jodhpur,25.9128,82.2733,Ultra-Fast DC,3,65.6,2160000,25900,157.6,07-11-2020,Normal
ST-0142,Maharashtra,Thane,23.0176,77.82,Ultra-Fast DC,3,70.2,2634000,31600,145.1,12-05-2022,Normal
ST-0206,Delhi,Gurugram,16.942,82.5971,AC Level 2,5,60.6,357000,4300,21.3,13-08-2021,Normal
ST-0204,Rajasthan,Kota,21.6432,80.3292,DC Fast Charger,2,60.3,983000,11800,57.3,30-11-2022,Normal
ST-0055,Telangana,Khammam,28.7353,81.7096,DC Fast Charger,5,71.3,1018000,12200,62.2,04-05-2023,Normal
ST-0155,Kerala,Kochi,9.9008,76.2805,AC Level 2,9,55.7,420000,5000,23.8,25-06-2020,Normal
ST-0110,Kerala,Kochi,9.8967,76.2792,DC Fast Charger,5,72.9,902000,10800,65.4,14-10-2022,Normal
ST-0065,Maharashtra,Nashik,18.0384,75.94,AC Level 1,2,71.7,146000,1700,3.2,25-06-2023,Normal
ST-0131,Tamil Nadu,Salem,22.9874,76.2147,Ultra-Fast DC,3,71.6,2796000,33600,145.9,13-03-2023,Normal
ST-0152,Delhi,New Delhi,28.6221,77.2304,Ultra-Fast DC,2,56.4,2251000,27000,135,30-11-2022,Normal
ST-0026,Rajasthan,Jaipur,26.9031,75.7588,AC Level 1,3,59,141000,1700,3.1,13-09-2020,Normal
ST-0224,Uttar Pradesh,Meerut,21.5165,74.0893,Ultra-Fast DC,1,57.8,2623000,31500,157.8,15-06-2021,Normal
ST-0172,Haryana,Gurugram,21.819,72.7692,AC Level 1,2,57.1,161000,1900,3.2,09-05-2020,Normal
ST-0045,Maharashtra,Thane,23.3442,85.0037,Ultra-Fast DC,3,72.3,2259000,27100,152.2,19-12-2022,Normal
ST-0094,Gujarat,Gandhinagar,24.8853,77.2582,Ultra-Fast DC,1,52.9,2699000,32400,137.7,16-05-2021,Normal
ST-0102,Andhra Pradesh,Tirupati,22.3819,72.8903,AC Level 2,5,52,366000,4400,21,19-02-2020,Normal
ST-0006,Telangana,Nizamabad,17.986,82.7915,AC Level 2,10,51.9,363000,4400,22.2,13-05-2022,Normal
ST-0145,Karnataka,Hubli,18.733,79.814,DC Fast Charger,2,69.4,1034000,12400,63.4,26-04-2023,Normal
ST-0167,Andhra Pradesh,Guntur,22.2713,84.1582,Ultra-Fast DC,2,65.9,2400000,28800,135.2,21-02-2020,Normal
ST-0118,Tamil Nadu,Vellore,27.1049,79.2196,AC Level 2,6,51.8,374000,4500,20.5,12-01-2023,Normal
ST-0290,Madhya Pradesh,Jabalpur,16.2487,77.5495,DC Fast Charger,3,61.1,1021000,12300,64.3,21-12-2023,Normal
ST-0010,Haryana,Yamunanagar,18.0289,79.2317,AC Level 2,6,74.4,395000,4700,21.8,04-07-2022,Normal
ST-0038,Tamil Nadu,Tiruchirappalli,20.1922,81.6802,DC Fast Charger,6,52,967000,11600,61.2,21-05-2020,Normal
ST-0049,Rajasthan,Bikaner,23.03,86.0053,Ultra-Fast DC,3,73.5,2288000,27500,159.3,31-01-2022,Normal
ST-0263,Punjab,Chandigarh,30.7499,76.7688,AC Level 2,7,69.7,437000,5200,20.2,07-10-2023,Normal
ST-0146,Andhra Pradesh,Vijayawada,24.8743,75.9169,AC Level 2,10,73.6,347000,4200,22.4,05-01-2021,Normal
ST-0123,Delhi,Rohini,20.9254,81.1957,DC Fast Charger,5,54.6,998000,12000,61.9,13-05-2020,Normal
ST-0106,Gujarat,Vadodara,22.2804,73.172,Ultra-Fast DC,2,58.9,2501000,30000,152.8,13-09-2022,Normal
ST-0285,Madhya Pradesh,Ujjain,24.367,84.5338,Ultra-Fast DC,1,71.2,2338000,28100,152.7,01-04-2022,Normal
ST-0294,Uttar Pradesh,Agra,28.1952,72.0648,DC Fast Charger,3,69.4,877000,10500,58.2,27-08-2020,Normal
ST-0002,Haryana,Faridabad,21.8948,71.964,Ultra-Fast DC,1,55.7,2365000,28400,158.5,12-10-2023,Normal
ST-0112,Punjab,Ludhiana,26.6507,84.611,Ultra-Fast DC,2,68.8,2533000,30400,159.6,24-01-2021,Normal
ST-0279,Rajasthan,Bikaner,21.1153,70.5455,AC Level 1,5,54.4,134000,1600,3.4,15-05-2022,Normal
ST-0108,Delhi,Gurugram,25.8376,75.0747,AC Level 1,3,52.5,152000,1800,3.6,15-05-2020,Normal
ST-0009,Delhi,Rohini,20.3553,78.9217,DC Fast Charger,5,71.9,957000,11500,60.5,20-12-2021,Normal
ST-0284,Gujarat,Ahmedabad,22.995,72.5609,Ultra-Fast DC,1,55.8,2690000,32300,145.7,17-02-2023,Normal
ST-0281,Andhra Pradesh,Visakhapatnam,17.6976,83.2643,AC Level 2,10,68.7,402000,4800,21.2,31-03-2022,Normal
ST-0200,Uttar Pradesh,Varanasi,22.5626,83.2334,Ultra-Fast DC,6,56,2466000,29600,152.1,14-07-2022,Normal
ST-0262,Karnataka,Belagavi,27.0465,77.6084,AC Level 2,10,62.7,407000,4900,22.8,30-10-2022,Normal
ST-0250,Gujarat,Vadodara,22.3432,73.2271,DC Fast Charger,6,63.3,782000,9400,59,05-03-2020,Normal
ST-0083,Uttar Pradesh,Meerut,22.3421,75.1954,Ultra-Fast DC,1,60.8,2352000,28200,155,30-05-2023,Normal
ST-0229,Tamil Nadu,Chennai,13.0999,80.2416,AC Level 2,8,59.6,380000,4600,24.1,04-05-2022,Normal
ST-0001,Punjab,Patiala,16.9605,78.405,Ultra-Fast DC,3,51.8,2552000,30600,163.6,17-03-2022,Normal
ST-0188,Telangana,Warangal,26.4257,73.5167,DC Fast Charger,6,73.9,994000,11900,57.2,29-03-2023,Normal
ST-0226,Telangana,Karimnagar,15.7,74.6264,AC Level 1,6,58.2,167000,2000,3.1,11-05-2023,Normal
ST-0060,Tamil Nadu,Madurai,16.2385,79.1246,AC Level 1,6,63.3,149000,1800,3.5,27-03-2022,Normal
ST-0166,Gujarat,Surat,21.1845,72.8165,AC Level 2,9,74.2,430000,5200,19.9,15-07-2023,Normal
ST-0223,Uttar Pradesh,Allahabad,24.6507,70.4628,DC Fast Charger,6,59.3,948000,11400,58.5,05-04-2023,Normal
ST-0209,Kerala,Thiruvananthapuram,21.6467,75.8898,AC Level 2,9,52,422000,5100,21.2,05-12-2021,Normal
ST-0228,Kerala,Kozhikode,27.379,70.2193,DC Fast Charger,5,62.2,955000,11500,58.9,27-11-2021,Normal
ST-0201,Kerala,Kozhikode,27.0242,85.1016,AC Level 1,3,60,144000,1700,3.4,11-03-2022,Normal
ST-0126,Uttar Pradesh,Varanasi,23.9065,73.8618,AC Level 2,5,69.8,431000,5200,22.2,15-05-2020,Normal
ST-0254,Delhi,Noida,23.8677,76.0243,DC Fast Charger,2,66.2,883000,10600,56.1,24-04-2023,Normal
ST-0186,Gujarat,Gandhinagar,21.7803,76.193,AC Level 2,9,71.6,345000,4100,20.7,06-07-2021,Normal
ST-0199,Rajasthan,Udaipur,28.4845,78.0299,Ultra-Fast DC,3,70.6,2754000,33000,141.3,08-12-2021,Normal
ST-0087,Maharashtra,Nagpur,21.1554,79.0873,AC Level 1,6,50.7,163000,2000,3.4,16-03-2022,Normal
ST-0061,West Bengal,Asansol,26.64,72.0664,AC Level 2,8,51.3,406000,4900,24,20-03-2022,Normal
ST-0035,Maharashtra,Mumbai,19.0646,72.869,AC Level 1,3,59.4,153000,1800,3,17-02-2023,Normal
ST-0139,Kerala,Kochi,9.9734,76.2548,AC Level 2,6,72.2,384000,4600,22.5,09-03-2020,Normal
ST-0027,Andhra Pradesh,Tirupati,25.9041,73.676,AC Level 2,7,61.9,350000,4200,20,10-05-2022,Normal
ST-0044,Rajasthan,Jodhpur,24.0661,71.125,AC Level 2,10,65.1,447000,5400,21.2,01-08-2023,Normal
ST-0097,Tamil Nadu,Coimbatore,11.0551,76.9486,AC Level 2,9,63.4,369000,4400,22.1,14-03-2020,Normal
ST-0084,Andhra Pradesh,Tirupati,25.7876,76.3186,AC Level 1,6,57.8,169000,2000,3.3,27-03-2020,Normal
ST-0253,Kerala,Thrissur,23.03,81.0117,Ultra-Fast DC,1,69.7,2607000,31300,142.6,12-03-2022,Normal
ST-0074,West Bengal,Durgapur,18.3538,75.4401,Ultra-Fast DC,2,58.6,2858000,34300,153.5,04-05-2022,Normal
ST-0248,Tamil Nadu,Chennai,13.0901,80.2961,AC Level 1,5,59.9,162000,1900,3,22-02-2022,Normal
ST-0050,Telangana,Nizamabad,27.3994,77.82,AC Level 2,8,54.7,375000,4500,23.9,31-01-2023,Normal
ST-0133,Haryana,Panipat,15.9347,84.4216,AC Level 1,2,57.9,165000,2000,3.1,12-08-2020,Normal
ST-0051,Andhra Pradesh,Guntur,20.4163,77.2788,Ultra-Fast DC,3,64.4,2534000,30400,160.7,05-05-2023,Normal
ST-0212,Andhra Pradesh,Tirupati,20.0743,71.8055,Ultra-Fast DC,1,55.9,2268000,27200,141,22-09-2021,Normal
ST-0197,Telangana,Karimnagar,21.9819,70.6194,DC Fast Charger,5,59.8,1010000,12100,56.4,22-02-2023,Normal
ST-0256,Rajasthan,Kota,20.3123,80.6019,AC Level 2,9,62.8,451000,5400,20.6,10-11-2023,Normal
ST-0039,West Bengal,Howrah,21.7715,77.82,DC Fast Charger,6,69.6,864000,10400,57.7,14-01-2021,Normal
ST-0125,Karnataka,Mangaluru,27.284,82.7922,DC Fast Charger,2,59.2,892000,10700,56,27-12-2022,Normal
ST-0096,Rajasthan,Jaipur,26.8629,75.7571,DC Fast Charger,2,55,1005000,12100,54.3,03-05-2022,Normal
ST-0264,Punjab,Patiala,17.6681,70.3125,AC Level 2,7,51.1,450000,5400,22.4,02-07-2021,Normal
ST-0076,Tamil Nadu,Tiruchirappalli,23.1401,82.8155,AC Level 2,9,57,418000,5000,24,30-05-2022,Normal
ST-0016,Punjab,Ludhiana,16.5418,79.8711,AC Level 1,5,70.3,167000,2000,3.5,04-08-2021,Normal
