Session_ID,Station_ID,Session_Date,Energy_Consumed_kWh,Charging_Duration_Mins,Revenue_INR,Peak_Hour_Flag,User_Rating
SES-000827,ST-0240,2024-05-05,3.45,62.7,31.74,Yes,3.9
SES-001425,ST-0239,2023-11-21,16.83,45.9,201.97,No,3.9
SES-001056,ST-0298,2024-03-05,51.65,20.7,1306.8,Yes,3.7
SES-000665,ST-0210,2023-07-12,36.8,36.8,761.73,Yes,3.5
SES-001284,ST-0053,2024-12-15,18.94,51.6,261.32,Yes,4.9
SES-001221,ST-0178,2023-04-11,2.86,52.0,22.86,No,3.1
SES-000817,ST-0192,2024-10-02,1.65,29.9,13.18,No,3.9
SES-000941,ST-0275,2024-08-03,37.81,37.8,680.5,No,3.5
SES-000847,ST-0091,2023-05-07,8.16,22.2,97.89,No,4.7
SES-000247,ST-0241,2024-11-27,1.1,19.9,8.77,No,4.9
SES-000368,ST-0190,2024-09-10,36.4,36.4,753.55,Yes,3.7
SES-001408,ST-0096,2024-11-28,26.02,26.0,468.36,No,3.9
SES-001145,ST-0131,2024-03-09,,18.9,,Yes,4.2
SES-001130,ST-0081,2024-05-04,90.26,36.1,2283.59,Yes,3.9
SES-000143,ST-0090,2023-08-30,19.26,52.5,231.06,No,3.4
SES-000146,ST-0250,2024-11-13,45.41,45.4,939.94,Yes,3.6
SES-000772,ST-0150,2023-02-18,42.69,17.1,1080.03,Yes,3.8
SES-000015,ST-0189,2023-08-02,94.51,37.8,2390.98,Yes,4.1
SES-000598,ST-0154,2024-09-08,14.27,38.9,171.21,No,4.4
SES-001291,ST-0270,2023-06-28,1.47,26.7,11.76,No,3.3
SES-000526,ST-0101,2024-08-23,41.02,41.0,738.33,No,3.1
SES-001019,ST-0028,2024-04-25,2.36,43.0,21.74,Yes,4.1
SES-000273,ST-0017,2023-09-13,9.08,,108.95,No,4.3
SES-001216,ST-0219,2023-03-30,36.87,36.9,763.18,Yes,4.0
SES-000422,ST-0058,2023-03-10,41.46,41.5,746.35,No,4.9
SES-001447,ST-0188,2023-12-29,42.29,42.3,761.21,No,3.8
SES-001065,ST-0135,2024-06-14,7.72,21.1,92.63,No,4.1
SES-000182,ST-0296,2024-11-17,19.44,53.0,233.32,No,4.3
SES-000626,ST-0235,2024-08-12,7.23,19.7,86.79,No,3.2
SES-000456,ST-0201,2023-08-07,2.2,40.1,20.28,Yes,4.3
SES-000793,ST-0041,2024-05-30,20.47,20.5,368.43,No,4.0
SES-001462,ST-0200,2024-06-14,64.03,25.6,1620.03,Yes,4.6
SES-001077,ST-0112,2023-07-30,114.21,45.7,2889.53,Yes,3.4
SES-000945,ST-0097,2023-11-18,9.31,25.4,128.5,Yes,3.4
SES-000810,ST-0142,2023-02-22,50.46,20.2,1276.58,Yes,3.7
SES-000240,ST-0183,2024-10-26,12.42,33.9,149.03,No,4.6
SES-000386,ST-0089,2024-08-24,2.38,43.2,21.85,Yes,4.2
SES-000046,ST-0207,2023-04-19,14.71,40.1,176.49,No,3.6
SES-001166,ST-0259,2023-06-25,28.06,28.1,505.06,No,4.7
SES-001343,ST-0267,2024-03-23,9.4,25.6,129.78,Yes,4.0
SES-000989,ST-0156,2024-11-14,9.02,24.6,124.48,Yes,4.9
SES-001183,ST-0285,2023-12-10,119.79,47.9,2635.36,No,5.0
SES-000453,ST-0209,2023-12-01,7.06,19.2,84.7,No,4.6
SES-001437,ST-0286,2023-12-16,37.21,37.2,669.84,No,3.5
SES-000653,ST-0279,2023-05-12,3.93,71.4,36.15,Yes,3.3
SES-000432,ST-0022,2024-04-20,13.47,36.7,161.58,No,4.3
SES-001237,ST-0137,2024-09-27,10.72,29.2,128.69,No,3.7
SES-000092,ST-0203,2023-08-21,33.03,33.0,683.63,Yes,3.9
SES-000458,ST-0008,2023-11-20,32.35,32.4,582.37,No,3.1
SES-001275,ST-0265,2024-05-30,110.57,44.2,2432.47,No,3.7
SES-001079,ST-0017,2023-10-06,6.15,16.8,73.74,No,3.3
SES-000200,ST-0202,2023-04-02,5.49,15.0,75.72,Yes,3.3
SES-001389,ST-0231,2023-07-03,34.29,34.3,617.3,No,4.2
SES-000242,ST-0147,2023-12-28,1.48,26.9,11.85,No,3.4
SES-000725,ST-0299,2023-11-09,1.84,33.5,14.73,No,3.7
SES-001082,ST-0267,2024-10-09,6.92,18.9,83.04,No,3.9
SES-001143,ST-0111,2024-04-08,5.75,15.7,68.98,No,3.2
SES-001234,ST-0193,2024-03-07,21.33,21.3,383.93,No,4.8
SES-000668,ST-0265,2024-09-29,76.49,30.6,1935.09,Yes,4.1
SES-000070,ST-0077,2023-03-04,310.689615330147,28.7,145.13,Yes,4.8
SES-001320,ST-0003,2024-09-17,39.89,39.9,718.03,No,3.6
SES-000740,ST-0088,2023-12-29,16.56,45.2,228.48,Yes,3.8
SES-000904,ST-0013,2023-06-10,108.62,43.4,2389.66,No,4.1
SES-001454,ST-0126,2024-03-22,8.36,22.8,100.35,No,4.9
SES-001106,ST-0090,2023-10-19,18.57,50.6,222.83,No,3.8
SES-001481,ST-0174,2023-05-03,28.58,28.6,514.35,No,4.2
SES-000144,ST-0073,2024-10-04,24.72,,444.93,No,4.1
SES-001132,ST-0041,2023-09-28,38.76,38.8,802.3,Yes,4.1
SES-001015,ST-0034,2024-03-30,19.16,52.3,264.46,Yes,5.0
SES-000766,ST-0026,2023-02-22,1.37,,12.57,Yes,5.0
SES-000388,ST-0164,2023-12-05,43.04,43.0,890.98,Yes,3.2
SES-000679,ST-0278,2023-05-08,45.88,45.9,949.61,Yes,3.3
SES-001493,ST-0235,2024-08-23,5.59,15.3,77.19,Yes,3.3
SES-000986,ST-0025,2024-03-23,,36.9,2029.73,No,3.6
SES-001028,ST-0108,2024-08-08,2.54,46.1,23.35,Yes,4.8
SES-000601,ST-0055,2023-10-31,21.37,21.4,384.68,No,4.6
SES-000370,ST-0286,2023-11-03,23.65,23.7,489.62,Yes,4.1
SES-000667,ST-0142,2023-08-10,65.86,26.3,1448.91,No,3.5
SES-000482,ST-0043,2023-08-23,117.46,47.0,2584.08,No,4.9
SES-000138,ST-0207,2023-11-08,7.14,19.5,98.54,Yes,3.5
SES-001200,ST-0225,2023-10-10,6.83,18.6,81.93,No,4.0
SES-000465,ST-0029,2023-04-08,15.14,41.3,208.88,Yes,4.0
SES-000072,ST-0244,2023-10-02,7.82,21.3,93.79,No,4.1
SES-001339,ST-0188,2024-12-13,34.26,34.3,616.6,No,3.2
SES-001112,ST-0159,2023-11-17,85.25,34.1,2156.85,Yes,3.3
SES-000477,ST-0119,2023-07-29,2.76,50.2,25.38,Yes,4.6
SES-000874,ST-0068,2024-07-16,1.9,34.5,15.2,No,4.1
SES-000488,ST-0031,2024-05-18,44.14,44.1,913.61,Yes,3.2
SES-000069,ST-0139,2024-09-18,5.17,14.1,62.08,No,3.9
SES-000059,ST-0211,2024-03-08,34.55,34.6,715.23,Yes,4.7
SES-001179,ST-0087,2023-01-18,1.2,21.8,11.01,Yes,3.9
SES-000281,ST-0088,2024-10-02,5.69,15.5,68.29,No,3.6
SES-000404,ST-0251,2023-07-31,101.45,40.6,2231.81,No,3.3
SES-001164,ST-0060,2023-04-14,2.58,47.0,20.67,No,5.0
SES-000862,ST-0274,2023-10-21,1.06,19.3,8.5,No,5.0
SES-001317,ST-0167,2024-01-02,86.91,34.8,1912.04,No,4.3
SES-001095,ST-0191,2024-06-23,104.4,41.8,2296.78,No,4.9
SES-001174,ST-0071,2023-01-22,,39.6,2179.18,No,4.5
SES-000419,ST-0064,2023-02-14,41.98,42.0,755.7,No,3.9
SES-000659,ST-0100,2023-02-17,2.63,47.8,24.19,Yes,4.9
SES-000863,ST-0109,2023-10-05,66.95,26.8,1472.86,No,3.2
SES-000319,ST-0031,2023-03-17,26.72,26.7,480.93,No,3.5
SES-001102,ST-0056,2024-04-08,83.71,33.5,2117.96,Yes,3.2
SES-000366,ST-0221,2023-12-04,37.3,37.3,772.02,Yes,3.4
SES-000580,ST-0189,2023-01-30,104.13,41.7,2634.56,Yes,4.3
SES-001169,ST-0065,2024-12-18,3.09,56.2,24.74,No,3.7
SES-000782,ST-0046,2024-01-29,13.69,37.3,188.95,Yes,4.8
SES-001089,ST-0068,2024-11-03,1.34,24.4,12.36,Yes,4.4
SES-000569,ST-0147,2024-05-11,3.0,54.5,27.57,Yes,3.8
SES-001417,ST-0073,2023-08-09,25.36,25.4,456.51,No,3.6
SES-000274,ST-0124,2023-11-15,303.499150685054,17.0,85.95,Yes,4.1
SES-000334,ST-0092,2023-05-14,13.37,36.5,184.49,Yes,3.4
SES-000480,ST-0142,2024-10-21,43.98,17.6,1112.78,Yes,3.7
SES-000403,ST-0024,2024-05-04,36.83,36.8,662.97,No,3.5
SES-000471,ST-0169,2024-06-07,98.13,39.3,2158.83,No,4.0
SES-000926,ST-0042,2024-05-30,17.69,48.2,244.08,Yes,4.1
SES-000985,ST-0035,2024-12-06,2.76,50.2,22.1,No,3.7
SES-000227,ST-0300,2024-06-30,5.9,16.1,81.39,Yes,4.6
SES-000102,ST-0249,2024-10-07,3.17,57.6,29.15,Yes,4.0
SES-001446,ST-0268,2024-06-26,27.08,27.1,560.53,Yes,3.7
SES-000961,ST-0159,2023-08-17,62.56,25.0,1376.43,No,4.4
SES-000306,ST-0055,2024-06-03,20.31,20.3,420.44,Yes,3.8
SES-000554,ST-0229,2023-09-30,10.23,27.9,122.77,No,3.9
SES-000780,ST-0216,2024-01-06,30.78,30.8,554.04,No,4.3
SES-000565,ST-0230,2024-11-07,2.03,36.8,16.2,No,4.8
SES-001041,ST-0194,2024-12-25,25.7,25.7,532.04,Yes,3.1
SES-000860,ST-0201,2024-09-06,1.08,,8.65,No,4.8
SES-001272,ST-0147,2023-12-30,1.07,19.5,9.84,Yes,4.6
SES-000312,ST-0023,2023-12-10,71.99,28.8,1583.71,No,3.1
SES-000337,ST-0068,2024-09-22,1.94,35.3,15.52,No,3.7
SES-001098,ST-0056,2024-03-21,97.5,39.0,2145.05,No,3.1
SES-000287,ST-0273,2024-11-24,16.14,44.0,222.68,Yes,3.8
SES-000324,ST-0156,2023-08-13,,40.8,206.52,Yes,4.5
SES-000066,ST-0273,2024-05-22,9.19,25.1,110.24,No,3.5
SES-001116,ST-0187,2023-04-16,2.87,52.1,22.94,No,3.6
SES-000917,ST-0224,2023-11-13,85.63,34.3,1883.79,No,4.5
SES-000264,ST-0143,2023-11-27,46.76,46.8,841.7,No,4.8
SES-001157,ST-0086,2024-02-17,22.83,22.8,472.66,Yes,3.0
SES-000473,ST-0036,2024-09-23,8.12,22.2,112.12,Yes,3.1
SES-001283,ST-0227,2024-06-03,39.66,39.7,713.96,No,3.9
SES-000912,ST-0170,2024-10-24,1.87,33.9,14.94,No,3.2
SES-000999,ST-0063,2023-08-03,104.55,41.8,2645.11,Yes,4.2
SES-000845,ST-0002,2023-06-08,90.09,36.0,2279.18,Yes,3.8
SES-000979,ST-0190,2023-11-02,46.28,46.3,833.06,No,4.3
SES-000158,ST-0266,2024-03-02,44.44,44.4,,No,3.3
SES-000721,ST-0187,2023-12-13,2.95,53.6,23.56,No,3.5
SES-000924,ST-0084,2024-02-05,3.07,55.8,28.25,Yes,3.8
SES-001299,ST-0168,2023-09-16,49.7,49.7,1028.76,Yes,4.8
SES-001428,ST-0080,2024-01-06,64.79,25.9,1425.43,No,4.5
SES-000581,ST-0025,2023-12-01,50.12,20.0,1102.74,No,3.8
SES-000543,ST-0026,2023-07-07,2.7,49.0,24.8,Yes,3.4
SES-000788,ST-0119,2023-06-07,2.73,49.7,21.86,No,4.3
SES-001277,ST-0239,2023-03-06,7.16,19.5,85.92,No,3.6
SES-001175,ST-0072,2023-03-20,18.43,50.3,221.15,No,4.9
SES-000047,ST-0257,2023-01-06,,46.9,845.0,No,3.8
SES-000791,ST-0047,2024-04-04,18.1,49.4,217.14,No,4.1
SES-000736,ST-0167,2024-02-09,115.24,46.1,2915.5,Yes,3.7
SES-000822,ST-0028,2023-09-21,3.67,66.7,29.35,No,3.5
SES-000594,ST-0001,2023-01-02,78.71,31.5,1731.6,No,3.4
SES-000198,ST-0028,2023-04-28,2.16,39.3,19.9,Yes,5.0
SES-000249,ST-0285,2023-08-15,112.94,45.2,2484.72,No,4.9
SES-000174,ST-0035,2024-08-02,2.57,46.8,20.6,No,3.5
SES-000284,ST-0279,2024-12-11,3.45,62.7,27.58,No,3.2
SES-000872,ST-0035,2024-02-28,2.69,48.8,,No,4.7
SES-000641,ST-0163,2024-05-06,1.59,28.9,12.72,No,3.6
SES-000886,ST-0218,2023-05-01,79.51,31.8,1749.3,No,4.5
SES-001298,ST-0142,2024-08-10,106.67,42.7,2346.67,No,3.7
SES-000561,ST-0144,2023-05-23,1.93,35.1,15.46,No,4.9
SES-001168,ST-0043,2023-04-07,119.34,47.7,2625.56,No,3.6
SES-001300,ST-0243,2023-10-20,24.46,24.5,440.29,No,4.2
SES-000602,ST-0045,2024-04-11,88.79,35.5,1953.41,No,3.8
SES-001363,ST-0277,2024-12-16,8.22,22.4,98.58,No,4.2
SES-001478,ST-0037,2024-08-07,35.76,35.8,740.26,Yes,3.1
SES-000814,ST-0192,2024-12-23,3.58,65.1,32.96,Yes,3.8
SES-001335,ST-0138,2023-08-22,56.49,22.6,1429.09,Yes,3.8
SES-001205,ST-0043,2023-01-09,83.02,33.2,2100.37,Yes,4.7
SES-000364,ST-0013,2023-03-15,114.86,45.9,2906.05,Yes,3.8
SES-000689,ST-0010,2023-02-19,10.11,27.6,121.35,No,4.1
SES-000401,ST-0022,2024-02-25,19.77,,237.2,No,3.7
SES-000205,ST-0204,2023-11-28,49.91,49.9,898.3,No,4.7
SES-000836,ST-0206,2023-01-13,18.61,50.8,223.3,No,3.8
SES-000115,ST-0201,2024-02-24,2.83,51.5,22.68,No,3.1
SES-000910,ST-0138,2024-10-19,81.06,32.4,2050.74,Yes,3.9
SES-001436,ST-0169,2024-09-12,93.48,37.4,2056.53,No,4.9
SES-000994,ST-0166,2023-01-04,8.04,21.9,110.94,Yes,3.4
SES-001261,ST-0011,2024-10-13,8.39,22.9,100.62,No,3.4
SES-000923,ST-0083,2024-02-12,97.93,39.2,2154.41,No,3.0
SES-000018,ST-0194,2024-05-17,20.99,21.0,434.53,Yes,3.2
SES-000777,ST-0111,2023-04-25,11.35,31.0,156.62,Yes,3.7
SES-000466,ST-0192,2024-12-14,3.0,54.6,24.02,No,3.5
SES-001332,ST-0024,2023-02-12,28.09,28.1,581.45,Yes,4.6
SES-000493,ST-0228,2023-11-15,27.4,27.4,493.12,No,4.2
SES-000787,ST-0079,2024-04-30,48.08,48.1,995.3,Yes,4.1
SES-000848,ST-0241,2023-04-16,2.01,36.6,16.09,No,4.6
SES-000843,ST-0185,2024-05-06,48.68,19.5,1231.66,Yes,4.0
SES-000884,ST-0146,2024-07-18,6.07,16.6,72.86,No,3.3
SES-000749,ST-0084,2024-02-03,3.19,58.0,25.51,No,4.5
SES-001455,ST-0263,2024-12-17,6.62,18.1,79.46,No,3.1
SES-000583,ST-0290,2024-11-17,42.15,42.1,758.62,No,5.0
SES-000795,ST-0024,2024-08-02,,47.8,989.08,Yes,4.2
SES-000034,ST-0103,2023-02-16,10.03,27.3,138.36,Yes,4.5
SES-001227,ST-0185,2024-10-05,95.1,38.0,2405.99,Yes,4.8
SES-000331,ST-0082,2024-01-17,19.47,53.1,268.62,Yes,3.0
SES-001097,ST-0275,2024-10-23,35.64,35.6,641.52,No,3.4
SES-000362,ST-0146,2024-06-09,19.23,52.5,230.81,No,4.2
SES-001334,ST-0153,2024-03-17,2.13,,17.07,No,3.0
SES-000355,ST-0267,2023-02-12,7.32,20.0,100.96,Yes,3.4
SES-000231,ST-0195,2023-11-22,23.13,23.1,416.42,No,3.6
SES-001357,ST-0009,2024-05-30,29.03,29.0,522.53,No,3.8
SES-000742,ST-0156,2023-10-19,16.52,45.0,227.92,Yes,4.9
SES-001054,ST-0205,2024-05-17,40.14,40.1,722.61,No,3.5
SES-001204,ST-0214,2023-12-22,14.8,40.4,177.58,No,4.4
SES-000800,ST-0101,2024-02-04,30.22,30.2,543.97,No,4.5
SES-000342,ST-0183,2024-11-10,12.33,33.6,147.97,No,3.6
SES-001310,ST-0267,2024-07-26,7.55,20.6,90.58,No,4.2
SES-000357,ST-0228,2024-03-18,22.13,22.1,398.34,No,4.8
SES-000929,ST-0138,2023-02-08,96.79,38.7,2129.3,No,4.4
SES-000811,ST-0116,2023-08-04,65.46,26.2,1440.04,No,3.3
SES-001085,ST-0146,2024-10-22,6.67,18.2,80.09,No,3.4
SES-001039,ST-0284,2023-04-06,111.66,44.7,2824.98,Yes,3.4
SES-000437,ST-0165,2023-05-08,34.14,34.1,706.68,Yes,4.7
SES-000094,ST-0207,2023-12-30,11.07,30.2,132.83,No,3.9
SES-001124,ST-0275,2024-12-05,31.43,31.4,650.57,Yes,4.0
SES-000288,ST-0218,2023-10-29,69.16,27.7,1521.59,No,4.6
SES-000738,ST-0110,2023-10-03,41.02,41.0,738.42,No,4.5
SES-000308,ST-0262,2023-07-25,11.94,32.6,164.79,Yes,3.0
SES-001418,ST-0063,2023-02-03,108.6,43.4,2389.28,No,4.0
SES-001241,ST-0130,2024-06-14,10.55,28.8,126.56,No,3.3
SES-000664,ST-0195,2024-11-09,28.28,28.3,509.11,No,4.1
SES-000162,ST-0224,2023-02-03,45.38,18.2,998.27,No,3.5
SES-001304,ST-0042,2023-05-24,6.85,18.7,94.55,Yes,4.4
SES-000915,ST-0120,2023-10-16,95.9,38.4,2426.28,Yes,4.4
SES-001308,ST-0081,2023-08-01,110.32,44.1,2426.95,No,4.9
SES-000789,ST-0210,2024-03-04,34.78,34.8,720.0,Yes,3.4
SES-000113,ST-0105,2024-06-26,41.4,41.4,745.27,No,3.2
SES-000527,ST-0183,2023-07-13,6.93,18.9,83.15,No,4.4
SES-000110,ST-0200,2023-06-25,107.12,42.8,2710.24,Yes,4.9
SES-001091,ST-0107,2024-12-05,,31.2,645.92,Yes,4.0
SES-000536,ST-0042,2024-12-14,17.97,49.0,247.93,Yes,3.0
SES-000189,ST-0299,2024-05-02,2.26,41.1,18.07,No,3.6
SES-001096,ST-0121,2023-10-12,85.01,34.0,2150.71,Yes,4.1
SES-000709,ST-0220,2023-05-20,5.15,14.0,61.79,No,3.7
SES-000454,ST-0284,2023-07-14,75.51,30.2,1661.11,No,3.5
SES-000406,ST-0273,2024-11-11,17.33,47.3,207.99,No,3.3
SES-001032,ST-0201,2024-10-13,2.94,53.4,27.02,Yes,3.4
SES-001477,ST-0031,2023-01-27,38.57,38.6,694.32,No,4.4
SES-001498,ST-0189,2023-08-08,66.44,26.6,1461.59,No,3.9
SES-000730,ST-0289,2023-07-10,9.43,25.7,130.12,Yes,4.3
SES-000683,ST-0038,2023-08-20,22.63,22.6,468.5,Yes,4.5
SES-001186,ST-0182,2023-01-14,79.87,31.9,1757.13,No,3.7
SES-001004,ST-0097,2024-04-11,5.99,16.3,71.93,No,3.8
SES-001380,ST-0211,2024-08-04,41.15,41.2,740.71,No,3.1
SES-000019,ST-0273,2023-11-14,13.77,37.6,165.22,No,4.4
SES-001402,ST-0196,2023-03-04,3.17,57.6,25.35,No,3.4
SES-000184,ST-0189,2024-12-25,114.65,45.9,2522.32,No,4.0
SES-000950,ST-0290,2024-03-28,49.83,49.8,896.9,No,3.3
SES-001323,ST-0016,2023-09-27,3.58,65.2,28.67,No,4.3
SES-000650,ST-0011,2023-08-01,15.43,42.1,185.19,No,4.2
SES-001055,ST-0066,2024-05-13,3.67,66.6,29.32,No,4.8
SES-000371,ST-0300,2024-02-18,17.63,48.1,211.55,No,4.0
SES-000697,ST-0170,2024-10-16,2.05,37.3,16.43,No,3.7
SES-000858,ST-0092,2023-03-28,17.62,48.1,211.49,No,4.2
SES-001024,ST-0222,2024-02-29,57.53,23.0,1455.39,Yes,4.0
SES-001067,ST-0111,2023-08-11,15.16,41.3,209.22,Yes,4.8
SES-000279,ST-0170,2024-06-16,3.22,58.6,25.8,No,4.1
SES-000269,ST-0260,2024-03-06,3.66,66.6,33.69,Yes,3.9
SES-001314,ST-0292,2024-05-25,2.12,38.5,19.5,Yes,4.7
SES-000257,ST-0078,2023-05-11,72.02,28.8,1584.41,No,4.4
SES-000213,ST-0259,2024-08-23,42.19,42.2,759.46,No,3.5
SES-000260,ST-0019,2023-01-24,35.54,35.5,639.64,No,4.2
SES-000574,ST-0096,2024-05-31,47.02,47.0,846.33,No,4.3
SES-001099,ST-0108,2023-07-22,1.61,29.3,12.88,No,4.6
SES-001218,ST-0273,2023-03-24,16.84,45.9,202.04,No,4.8
SES-000236,ST-0142,2023-01-03,116.96,46.8,2573.11,No,3.2
SES-000353,ST-0118,2023-05-18,,26.7,117.47,No,4.9
SES-001340,ST-0154,2024-03-13,9.22,25.2,110.68,No,3.8
SES-001222,ST-0286,2024-09-03,25.23,25.2,454.17,No,4.2
SES-000783,ST-0075,2023-05-14,49.7,49.7,894.69,No,4.1
SES-000022,ST-0098,2024-05-02,1.91,34.8,15.32,No,3.5
SES-001068,ST-0135,2023-08-14,6.29,17.2,86.81,Yes,4.9
SES-000958,ST-0004,2023-09-08,59.16,23.7,1301.41,No,3.4
SES-000660,ST-0291,2023-10-28,1.47,26.7,11.73,No,4.1
SES-000916,ST-0283,2023-03-08,59.78,23.9,1315.25,No,3.5
SES-001239,ST-0170,2024-02-07,2.69,48.8,21.49,No,4.5
SES-000071,ST-0081,2024-08-13,80.96,32.4,2048.35,Yes,3.3
SES-001359,ST-0139,2023-07-28,19.28,52.6,266.06,Yes,4.9
SES-000771,ST-0111,2023-12-26,15.56,42.4,214.76,Yes,3.1
SES-001416,ST-0279,2024-06-04,1.39,25.3,11.13,No,3.8
SES-001149,ST-0015,2024-05-02,106.35,42.5,2690.56,Yes,3.1
SES-000021,ST-0240,2024-05-16,3.33,60.5,26.63,No,3.9
SES-000906,ST-0063,2023-05-09,96.38,38.6,2120.43,No,3.6
SES-000997,ST-0042,2023-07-12,15.24,41.6,210.33,Yes,4.9
SES-001115,ST-0027,2023-05-05,19.31,52.7,231.76,No,4.6
SES-000790,ST-0261,2024-07-27,2.07,37.6,16.53,No,4.9
SES-001322,ST-0004,2023-04-24,75.26,30.1,1655.64,No,4.6
SES-000350,ST-0254,2024-02-10,42.74,42.7,769.36,No,4.7
SES-000700,ST-0088,2024-04-24,19.49,53.2,233.94,No,3.7
SES-000129,ST-0034,2024-09-25,19.53,53.3,234.33,No,5.0
SES-000828,ST-0127,2024-04-15,57.68,23.1,1269.02,No,3.1
SES-000085,ST-0215,2023-04-14,41.22,16.5,906.78,No,4.7
SES-001203,ST-0107,2024-04-10,43.79,43.8,788.28,No,4.0
SES-000333,ST-0257,2023-03-08,25.77,25.8,463.88,No,4.9
SES-000497,ST-0119,2024-05-07,3.54,64.4,32.57,Yes,4.6
SES-000737,ST-0187,2024-03-14,2.59,47.1,23.82,Yes,3.7
SES-000309,ST-0119,2023-12-16,2.51,45.6,20.05,No,3.5
SES-001016,ST-0253,2023-02-03,114.92,46.0,2528.21,No,4.9
SES-000489,ST-0251,2023-02-23,56.73,22.7,1247.99,No,3.9
SES-000756,ST-0139,2024-03-15,18.14,49.5,250.4,Yes,4.6
SES-001400,ST-0236,2024-06-02,46.19,46.2,956.2,Yes,3.6
SES-001337,ST-0124,2024-01-24,11.85,32.3,142.23,No,4.5
SES-001147,ST-0099,2023-04-20,22.01,22.0,455.59,Yes,3.8
SES-000008,ST-0090,2023-02-14,12.65,34.5,174.58,Yes,4.5
SES-001494,ST-0229,2023-08-14,13.55,36.9,162.57,No,4.1
SES-001224,ST-0284,2023-05-23,62.19,24.9,1368.09,No,3.4
SES-000463,ST-0097,2023-04-15,17.32,47.2,207.81,No,3.5
SES-000619,ST-0052,2023-05-15,38.02,38.0,684.36,No,3.4
SES-001002,ST-0179,2023-11-11,8.83,24.1,121.81,Yes,4.9
SES-000412,ST-0243,2024-08-12,,22.5,405.7,No,4.0
SES-000103,ST-0092,2024-01-06,15.21,41.5,182.57,No,5.0
SES-001252,ST-0026,2023-01-01,1.25,22.8,11.52,Yes,4.8
SES-000944,ST-0052,2023-03-31,44.83,44.8,806.97,No,4.1
SES-000720,ST-0017,2023-06-24,10.69,29.2,128.3,No,4.1
SES-000048,ST-0040,2023-06-25,3.36,61.1,30.92,Yes,4.4
SES-001362,ST-0195,2023-05-26,37.17,37.2,769.43,Yes,4.1
SES-000186,ST-0140,2023-05-07,79.1,31.6,1740.17,No,4.2
SES-000172,ST-0297,2023-12-24,15.65,42.7,215.98,Yes,3.7
SES-000530,ST-0122,2024-01-27,44.14,17.7,971.14,No,4.8
SES-000797,ST-0152,2024-02-12,64.1,25.6,1410.22,No,3.6
SES-000969,ST-0224,2024-05-02,107.73,43.1,2369.98,No,3.7
SES-000803,ST-0121,2023-01-10,64.92,26.0,1428.23,No,3.5
SES-000062,ST-0241,2024-08-22,1.95,,15.61,No,4.5
SES-000625,ST-0195,2023-07-20,28.74,28.7,594.98,Yes,5.0
SES-000503,ST-0232,2023-11-04,14.32,39.1,171.84,No,4.0
SES-001188,ST-0291,2024-09-02,1.76,32.0,14.08,No,4.8
SES-001443,ST-0196,2024-04-26,1.1,19.9,8.76,No,3.1
SES-000286,ST-0213,2024-09-17,47.07,47.1,974.25,Yes,3.8
SES-000195,ST-0243,2023-01-24,22.21,22.2,399.72,No,4.5
SES-001475,ST-0148,2023-02-10,5.67,15.5,68.08,No,4.5
SES-000692,ST-0122,2024-02-17,91.42,36.6,2011.3,No,4.4
SES-000933,ST-0172,2024-10-31,,63.3,27.85,No,3.3
SES-000558,ST-0136,2024-01-23,12.6,34.4,151.22,No,3.6
SES-001027,ST-0187,2024-06-15,2.35,42.8,18.82,No,4.4
SES-000485,ST-0116,2024-12-13,66.74,26.7,1468.19,No,4.0
SES-001156,ST-0028,2024-03-08,3.65,66.3,29.17,No,4.0
SES-000815,ST-0261,2023-05-17,2.59,47.2,23.86,Yes,3.5
SES-000774,ST-0231,2024-04-28,27.59,27.6,571.14,Yes,3.8
SES-001391,ST-0235,2024-01-03,13.54,36.9,162.53,No,4.2
SES-001349,ST-0300,2023-12-25,12.5,34.1,172.48,Yes,3.3
SES-000399,ST-0239,2023-02-28,9.28,25.3,128.13,Yes,3.1
SES-001248,ST-0104,2024-07-29,10.7,29.2,128.42,No,4.5
SES-000418,ST-0110,2023-04-08,39.79,39.8,716.26,No,3.8
SES-000732,ST-0203,2023-03-28,43.73,43.7,787.16,No,3.5
SES-000520,ST-0080,2024-01-06,116.35,46.5,2559.68,No,3.4
SES-000128,ST-0018,2023-07-30,19.97,54.5,239.69,No,3.8
SES-001140,ST-0050,2023-11-16,10.98,30.0,131.81,No,3.4
SES-000728,ST-0004,2024-09-22,64.49,25.8,1418.82,No,3.5
SES-000170,ST-0056,2023-11-09,56.9,22.8,1439.6,Yes,3.8
SES-000120,ST-0144,2023-06-18,3.35,60.9,26.78,No,4.5
SES-001240,ST-0154,2023-01-07,6.87,18.7,82.4,No,3.3
SES-001128,ST-0169,2024-02-28,68.42,27.4,1505.33,No,3.7
SES-000908,ST-0045,2024-07-26,110.65,44.3,2434.28,No,3.9
SES-001162,ST-0264,2023-03-09,8.47,23.1,116.9,Yes,4.7
SES-000509,ST-0090,2024-05-27,6.43,17.5,88.68,Yes,4.8
SES-000585,ST-0243,2024-12-09,41.69,41.7,862.96,Yes,3.2
SES-000947,ST-0287,2024-01-08,11.83,32.3,163.2,Yes,3.1
SES-000201,ST-0194,2024-02-22,27.91,27.9,577.74,Yes,3.7
SES-000718,ST-0275,2023-05-17,36.95,36.9,665.02,No,3.9
SES-000250,ST-0184,2024-01-07,3.48,63.2,27.82,No,3.7
SES-000316,ST-0007,2024-04-22,27.34,27.3,492.09,No,3.1
SES-000147,ST-0163,2024-01-22,3.67,66.7,29.35,No,4.3
SES-000420,ST-0145,2023-06-11,40.19,40.2,723.51,No,4.6
SES-000729,ST-0069,2023-12-29,2.15,39.1,19.81,Yes,4.6
SES-001155,ST-0037,2024-10-26,39.58,39.6,819.34,Yes,3.4
SES-001439,ST-0056,2023-06-01,67.81,27.1,1491.76,No,4.2
SES-000142,ST-0011,2024-08-09,13.52,36.9,162.21,No,4.7
SES-000696,ST-0063,2023-10-01,116.89,,2571.54,No,3.4
SES-000478,ST-0236,2024-09-04,33.22,33.2,687.56,Yes,4.5
SES-001382,ST-0020,2023-09-01,25.64,25.6,461.45,No,4.8
SES-000356,ST-0057,2023-12-11,19.82,54.1,237.84,No,3.2
SES-001217,ST-0010,2023-07-21,14.42,39.3,198.95,Yes,4.4
SES-000336,ST-0187,2024-03-15,1.57,28.6,14.46,Yes,3.8
SES-000068,ST-0263,2024-02-14,9.67,26.4,133.42,Yes,4.0
SES-001366,ST-0010,2024-01-29,13.3,36.3,183.51,Yes,4.8
SES-001472,ST-0289,2024-11-13,5.34,14.6,64.04,No,3.1
SES-001052,ST-0181,2023-04-06,2.0,36.3,15.98,No,3.5
SES-000083,ST-0205,2023-03-30,20.73,20.7,429.05,Yes,3.5
SES-000326,ST-0196,2023-07-20,2.91,52.9,26.74,Yes,4.7
SES-000892,ST-0054,2023-01-13,17.49,47.7,241.3,Yes,4.4
SES-001212,ST-0011,2023-11-10,14.82,40.4,204.52,Yes,4.4
SES-000016,ST-0283,2024-02-17,72.82,29.1,1602.07,No,3.2
SES-000159,ST-0283,2023-05-11,96.87,38.7,2450.92,Yes,3.6
SES-000102,ST-0249,2024-10-07,3.17,57.6,29.15,Yes,4.0
SES-000802,ST-0065,2024-08-08,1.8,32.7,16.54,Yes,4.9
SES-000735,ST-0031,2024-11-03,36.68,36.7,759.2,Yes,3.5
SES-000506,ST-0062,2024-07-29,12.0,32.7,165.59,Yes,3.7
SES-000550,ST-0139,2023-04-14,17.39,47.4,208.73,No,3.9
SES-000573,ST-0086,2024-06-16,40.18,40.2,723.26,No,4.3
SES-001151,ST-0092,2023-03-28,12.39,33.8,148.71,No,4.8
SES-001492,ST-0277,2024-10-04,6.53,17.8,78.33,No,3.1
SES-001166,ST-0259,2023-06-25,28.06,28.1,505.06,No,4.7
SES-000757,ST-0278,2024-06-07,45.95,46.0,827.18,No,3.2
SES-001333,ST-0270,2024-06-03,3.48,63.2,31.97,Yes,4.9
SES-000557,ST-0079,2023-09-03,20.47,20.5,368.49,No,3.1
SES-000673,ST-0197,2024-10-06,41.22,41.2,853.33,Yes,3.5
SES-000100,ST-0289,2024-09-16,19.79,54.0,237.45,No,4.4
SES-000329,ST-0206,2023-04-24,12.65,34.5,151.8,No,4.0
SES-000449,ST-0148,2023-12-12,7.82,21.3,93.82,No,3.7
SES-001165,ST-0045,2024-12-09,112.34,44.9,2471.59,No,4.6
SES-000084,ST-0041,2023-07-24,47.48,47.5,982.79,Yes,3.0
SES-000003,ST-0191,2024-11-27,51.74,20.7,1138.37,No,4.0
SES-000808,ST-0212,2023-02-10,51.9,20.8,1313.11,Yes,4.3
SES-001038,ST-0286,2023-06-12,28.36,28.4,510.57,No,3.6
SES-001078,ST-0077,2024-04-01,6.89,18.8,82.65,No,4.2
SES-001414,ST-0263,2024-08-28,16.82,45.9,201.8,No,3.7
SES-001043,ST-0096,2023-05-14,47.69,47.7,858.42,No,4.6
SES-000572,ST-0165,2023-10-28,43.55,43.6,783.95,No,4.5
SES-000216,ST-0098,2024-10-13,3.0,54.6,27.64,Yes,4.0
SES-001256,ST-0147,2023-05-05,1.88,34.2,15.03,No,4.7
SES-000746,ST-0091,2024-05-15,7.14,19.5,98.56,Yes,4.1
SES-001313,ST-0299,2024-06-13,2.9,52.7,26.68,Yes,3.8
SES-000081,ST-0226,2024-11-20,2.82,51.3,22.56,No,4.0
SES-000495,ST-0220,2023-09-12,10.21,27.9,140.94,Yes,3.4
SES-000038,ST-0118,2024-05-30,9.18,25.0,110.21,No,3.4
SES-001423,ST-0107,2024-06-24,42.71,42.7,768.8,No,4.3
SES-000930,ST-0263,2024-11-29,15.81,43.1,218.18,Yes,4.4
SES-000613,ST-0106,2024-11-06,74.67,29.9,1642.71,No,3.6
SES-000609,ST-0161,2023-12-08,69.37,27.7,1526.05,No,4.1
SES-001458,ST-0037,2024-04-09,26.28,26.3,472.96,No,3.5
SES-000183,ST-0213,2024-10-23,,47.9,862.46,No,4.6
SES-000375,ST-0013,2023-08-03,42.94,17.2,944.73,No,4.8
SES-000505,ST-0290,2023-11-10,23.01,23.0,414.15,No,3.8
SES-000983,ST-0201,2023-11-01,1.03,18.7,9.44,Yes,3.7
SES-000654,ST-0264,2023-06-15,13.52,36.9,186.53,Yes,4.9
SES-000067,ST-0023,2024-07-21,114.89,46.0,2527.62,No,4.9
SES-000542,ST-0214,2023-07-10,13.65,,163.78,No,3.2
SES-000652,ST-0227,2024-04-02,37.09,37.1,767.8,Yes,3.9
SES-001197,ST-0034,2024-04-05,13.86,37.8,166.28,No,3.9
SES-000408,ST-0140,2024-05-29,114.33,,2515.28,No,3.9
SES-000469,ST-0108,2024-11-13,2.93,53.2,23.42,No,4.2
SES-001066,ST-0137,2023-08-10,9.07,24.7,108.85,No,4.8
SES-000998,ST-0056,2023-06-20,102.95,41.2,2264.84,No,4.9
SES-000173,ST-0287,2024-03-03,7.86,21.4,94.27,No,5.0
SES-000663,ST-0267,2024-06-06,17.7,48.3,212.4,No,3.6
SES-001271,ST-0073,2024-10-22,47.02,47.0,973.27,Yes,4.5
SES-000331,ST-0082,2024-01-17,19.47,53.1,268.62,Yes,3.0
SES-000551,ST-0235,2023-01-08,12.02,32.8,165.86,Yes,4.1
SES-000285,ST-0258,2023-03-05,42.78,17.1,941.16,No,4.8
SES-000991,ST-0108,2024-04-14,3.85,70.0,35.44,Yes,4.4
SES-001035,ST-0085,2023-04-12,2.58,46.9,20.64,No,3.4
SES-001189,ST-0041,2024-12-03,26.14,26.1,541.0,Yes,4.1
SES-001260,ST-0088,2024-09-23,13.53,36.9,162.3,No,4.9
SES-001250,ST-0171,2023-11-15,5.37,14.6,74.07,Yes,3.1
SES-000233,ST-0254,2024-11-09,40.19,40.2,831.88,Yes,4.6
SES-000541,ST-0253,2024-04-06,83.24,33.3,1831.33,No,3.4
SES-000922,ST-0127,2023-01-09,110.83,44.3,2438.32,No,4.4
SES-001026,ST-0233,2023-06-07,63.75,25.5,1612.91,Yes,4.9
SES-000615,ST-0149,2024-11-25,67.43,27.0,1706.07,Yes,3.4
SES-000854,ST-0101,2023-04-26,40.57,40.6,730.21,No,3.1
SES-000702,ST-0133,2023-08-23,2.63,47.7,21.0,No,3.2
SES-000533,ST-0202,2023-08-03,8.78,23.9,121.17,Yes,4.0
SES-000612,ST-0282,2024-02-06,3.01,54.8,24.1,No,3.7
SES-001345,ST-0293,2024-07-03,3.85,70.0,35.41,Yes,4.8
SES-000706,ST-0145,2023-06-19,27.52,27.5,495.27,No,4.7
SES-000931,ST-0211,2024-10-02,22.76,22.8,471.18,Yes,4.6
SES-001171,ST-0145,2024-11-28,48.16,48.2,996.99,Yes,4.5
SES-000271,ST-0149,2023-03-25,50.57,20.2,1279.46,Yes,4.2
SES-000604,ST-0158,2023-11-13,46.67,18.7,1026.74,No,4.7
SES-000461,ST-0240,2023-08-12,3.68,66.9,33.83,Yes,3.2
SES-001403,ST-0207,2023-01-17,17.02,46.4,204.26,No,4.9
SES-000676,ST-0234,2024-03-05,40.78,40.8,,No,3.7
SES-001219,ST-0263,2024-04-29,9.28,25.3,128.03,Yes,3.4
SES-000061,ST-0147,2024-04-27,3.23,58.7,25.82,No,4.9
SES-000202,ST-0021,2023-11-30,47.51,19.0,1202.07,Yes,4.3
SES-000266,ST-0190,2024-06-14,22.8,22.8,472.03,Yes,4.0
SES-000499,ST-0255,2024-04-27,1.57,28.5,12.53,No,4.7
SES-001264,ST-0039,2024-05-06,38.66,38.7,800.31,Yes,4.6
SES-000400,ST-0240,2023-06-25,1.5,27.4,12.03,No,4.1
SES-001281,ST-0285,2023-03-11,53.47,21.4,1176.41,No,4.3
SES-000280,ST-0006,2024-09-06,13.83,37.7,165.93,No,5.0
SES-000302,ST-0265,2024-07-08,112.92,45.2,,Yes,5.0
SES-001259,ST-0286,2024-11-28,44.68,44.7,804.28,No,3.2
SES-001177,ST-0267,2024-08-20,10.98,29.9,131.73,No,5.0
SES-001125,ST-0001,2023-06-24,110.79,44.3,2802.98,Yes,5.0
SES-000029,ST-0239,2024-04-24,11.13,30.4,153.61,Yes,4.6
SES-000130,ST-0213,2024-10-26,20.24,20.2,364.34,No,4.1
SES-000241,ST-0298,2024-11-18,79.58,31.8,1750.77,No,3.6
SES-001037,ST-0076,2024-10-04,9.22,25.2,110.68,No,4.0
SES-000705,ST-0176,2023-03-20,40.47,16.2,890.35,No,3.8
SES-001146,ST-0115,2024-08-14,39.92,39.9,718.56,No,3.9
SES-001321,ST-0084,2024-09-25,3.1,56.4,,Yes,4.8
SES-000898,ST-0036,2023-06-09,8.5,23.2,117.24,Yes,3.0
SES-000678,ST-0001,2024-09-10,87.72,35.1,2219.21,Yes,3.5
SES-001178,ST-0100,2023-09-11,2.51,45.7,20.09,No,4.2
SES-000452,ST-0155,2023-02-15,6.32,17.2,75.83,No,3.1
SES-000504,ST-0089,2023-06-29,1.38,25.1,12.73,Yes,3.7
SES-000513,ST-0134,2023-02-09,99.24,39.7,2183.2,No,3.9
SES-000545,ST-0269,2024-10-01,3.1,56.4,24.82,No,4.1
SES-001306,ST-0214,2023-03-15,8.63,23.5,103.62,No,4.6
SES-000127,ST-0081,2023-05-31,43.04,17.2,946.77,No,3.3
SES-001468,ST-0012,2023-06-19,1.72,31.2,15.81,Yes,4.3
SES-000348,ST-0144,2024-08-20,3.66,66.6,29.29,No,3.2
SES-001213,ST-0090,2024-11-07,18.26,49.8,219.14,No,4.8
SES-000722,ST-0116,2023-05-01,41.6,16.6,,No,3.3
SES-001000,ST-0152,2024-08-13,113.75,45.5,2502.46,No,3.3
SES-001433,ST-0041,2024-04-04,49.42,49.4,889.49,No,4.8
SES-001379,ST-0043,2024-07-01,81.76,32.7,1798.72,No,4.2
SES-000392,ST-0212,2024-05-01,105.11,42.0,2312.33,No,3.8
SES-001330,ST-0225,2024-09-19,16.25,44.3,194.97,No,3.8
SES-000117,ST-0271,2024-03-29,42.46,42.5,764.37,No,5.0
SES-000105,ST-0213,2024-05-25,46.25,46.3,832.57,No,4.3
SES-001231,ST-0265,2024-03-13,72.06,28.8,1585.22,No,3.3
SES-001487,ST-0120,2024-10-07,56.59,22.6,1431.6,Yes,4.9
SES-000380,ST-0225,2024-04-05,7.27,19.8,100.28,Yes,4.8
SES-000352,ST-0096,2024-01-19,34.09,34.1,705.75,Yes,3.3
SES-000294,ST-0193,2023-12-03,,21.9,395.05,No,3.8
SES-001045,ST-0015,2023-08-16,59.93,24.0,1516.13,Yes,4.1
SES-001407,ST-0298,2023-11-30,76.86,30.7,1944.55,Yes,3.5
SES-000758,ST-0015,2023-04-28,79.8,31.9,2018.98,Yes,4.9
SES-000987,ST-0272,2024-08-07,37.24,37.2,670.25,No,4.0
SES-000092,ST-0203,2023-08-21,33.03,33.0,683.63,Yes,3.9
SES-000024,ST-0176,2024-01-13,61.97,,1363.45,No,4.3
SES-000733,ST-0081,2023-06-07,42.57,17.0,936.61,No,4.8
SES-000952,ST-0077,2023-10-21,14.03,38.3,193.63,Yes,5.0
SES-000091,ST-0233,2023-12-12,79.19,31.7,1742.28,No,4.1
SES-001040,ST-0193,2024-10-05,37.59,37.6,676.56,No,3.8
SES-000524,ST-0023,2023-06-15,112.56,45.0,2476.27,No,4.8
SES-000548,ST-0011,2023-12-17,10.63,29.0,146.75,Yes,3.5
SES-001114,ST-0292,2024-04-10,1.47,26.7,11.73,No,3.8
SES-001265,ST-0263,2023-04-13,11.06,30.2,152.57,Yes,4.3
SES-001305,ST-0090,2024-02-22,13.62,37.2,163.46,No,3.7
SES-001131,ST-0266,2023-11-26,24.13,24.1,434.41,No,5.0
SES-001367,ST-0106,2023-03-28,106.85,42.7,2350.61,No,4.2
SES-000599,ST-0114,2023-01-10,1.68,30.6,15.48,Yes,3.2
SES-000825,ST-0073,2024-02-09,48.29,48.3,,No,3.1
SES-000762,ST-0227,2024-08-28,40.62,40.6,840.8,Yes,3.4
SES-000824,ST-0045,2023-07-28,116.07,46.4,2936.5,Yes,4.7
SES-000591,ST-0095,2024-08-29,5.72,15.6,78.87,Yes,4.7
SES-000965,ST-0177,2023-04-21,77.53,31.0,1961.46,Yes,3.9
SES-000224,ST-0038,2024-11-27,41.67,41.7,750.01,No,4.3
SES-001090,ST-0093,2023-11-18,69.88,28.0,1537.4,No,3.2
SES-000214,ST-0165,2024-07-22,48.45,48.4,1002.9,Yes,5.0
SES-000744,ST-0216,2023-06-14,41.07,41.1,739.2,No,3.6
SES-000852,ST-0005,2023-10-21,16.12,44.0,193.48,No,4.0
SES-001133,ST-0123,2023-12-28,37.16,37.2,668.85,No,4.7
SES-000830,ST-0131,2023-07-04,105.78,42.3,2327.11,No,4.8
SES-000078,ST-0249,2024-12-02,1.05,19.1,9.67,Yes,4.3
SES-001467,ST-0264,2023-11-18,9.54,26.0,114.49,No,3.0
SES-000001,ST-0298,2024-05-25,112.93,45.2,2857.12,Yes,4.0
SES-000389,ST-0214,2024-09-09,12.57,34.3,150.84,No,3.0
SES-000587,ST-0258,2024-01-22,47.65,19.1,1048.34,No,3.3
SES-000440,ST-0038,2024-01-02,36.82,36.8,762.2,Yes,4.4
SES-000646,ST-0089,2024-12-18,2.2,40.0,20.25,Yes,4.1
SES-000826,ST-0171,2024-03-20,7.14,19.5,85.67,No,3.0
SES-000576,ST-0274,2024-07-15,2.11,38.3,16.86,No,3.3
SES-000804,ST-0137,2024-12-25,8.2,22.4,98.43,No,3.2
SES-001246,ST-0216,2023-05-05,21.26,,382.61,No,3.1
SES-000693,ST-0138,2023-09-23,83.54,33.4,1837.88,No,4.6
SES-000552,ST-0016,2023-02-12,2.07,37.7,16.6,No,4.9
SES-000698,ST-0037,2023-09-13,31.83,31.8,572.95,No,3.9
SES-000298,ST-0290,2024-05-07,47.57,47.6,856.21,No,4.5
SES-000546,ST-0177,2023-06-20,108.7,43.5,2391.44,No,4.3
SES-000544,ST-0019,2024-02-23,41.45,41.5,858.02,Yes,4.1
SES-000278,ST-0177,2023-12-15,101.52,40.6,2233.35,No,4.4
SES-001093,ST-0057,2023-11-26,16.01,43.7,192.09,No,4.0
SES-000323,ST-0210,2023-07-23,21.76,,391.62,No,4.7
SES-000491,ST-0176,2024-07-16,104.26,41.7,2637.8,Yes,3.4
SES-001135,ST-0247,2023-03-18,2.42,44.0,19.37,No,4.3
SES-000785,ST-0152,2024-04-01,109.9,44.0,2780.39,Yes,4.6
SES-001161,ST-0045,2023-02-06,110.88,44.4,2805.37,Yes,3.7
SES-000962,ST-0188,2024-11-16,20.78,20.8,373.96,No,3.6
SES-000902,ST-0062,2023-09-22,9.0,24.5,107.96,No,3.1
SES-001386,ST-0040,2023-10-08,1.43,25.9,13.12,Yes,3.9
SES-001137,ST-0172,2024-01-30,3.12,56.8,24.98,No,4.8
SES-001228,ST-0130,2024-01-20,10.21,27.8,122.52,No,3.1
SES-001491,ST-0133,2024-07-25,2.71,49.3,24.96,Yes,3.7
SES-001190,ST-0291,2023-01-22,2.73,49.7,21.86,No,3.8
SES-000222,ST-0263,2023-06-21,7.49,20.4,89.88,No,4.6
SES-001139,ST-0205,2024-06-24,24.33,24.3,437.99,No,3.6
SES-001326,ST-0164,2023-12-04,45.92,45.9,950.6,Yes,3.0
SES-000820,ST-0089,2024-08-20,1.6,29.1,12.79,No,4.2
SES-001293,ST-0252,2023-09-14,41.05,16.4,1038.55,Yes,4.6
SES-000996,ST-0126,2024-08-15,13.32,36.3,159.89,No,3.8
SES-000007,ST-0061,2023-10-03,17.63,48.1,211.56,No,3.9
SES-000310,ST-0131,2024-12-12,67.72,27.1,1489.84,No,4.2
SES-001101,ST-0097,2023-10-09,5.26,14.3,72.54,Yes,3.3
SES-001225,ST-0026,2024-03-02,2.09,38.0,19.25,Yes,4.6
SES-000282,ST-0098,2023-03-29,,40.5,17.84,No,4.0
SES-001490,ST-0273,2024-12-23,9.56,26.1,131.98,Yes,4.9
SES-001142,ST-0289,2023-08-13,17.83,48.6,213.94,No,3.7
SES-000149,ST-0022,2023-07-17,14.35,39.1,172.22,No,3.5
SES-000398,ST-0191,2023-10-26,75.75,30.3,1916.56,Yes,4.5
SES-000620,ST-0284,2024-08-17,69.99,28.0,1539.7,No,3.5
SES-000328,ST-0165,2024-11-24,37.71,37.7,780.58,Yes,4.8
SES-000487,ST-0133,2024-03-28,2.89,52.6,26.63,Yes,4.7
SES-000578,ST-0217,2024-07-07,2.9,52.8,23.23,No,3.5
SES-000666,ST-0204,2023-08-09,405.571250483673,46.5,963.22,Yes,4.4
SES-000523,ST-0005,2024-09-08,18.2,49.6,251.12,Yes,3.9
SES-000918,ST-0131,2024-10-15,96.31,38.5,,No,4.7
SES-000882,ST-0174,2023-12-24,39.24,39.2,812.34,Yes,3.6
SES-000272,ST-0096,2023-08-20,27.58,27.6,496.38,No,3.2
SES-001029,ST-0203,2024-02-05,27.39,27.4,567.0,Yes,4.4
SES-000607,ST-0163,2023-08-09,2.17,39.5,17.39,No,4.9
SES-000087,ST-0285,2024-07-24,49.86,19.9,1261.57,Yes,4.0
SES-000165,ST-0174,2024-08-08,22.69,22.7,469.65,Yes,4.7
SES-001307,ST-0200,2024-10-19,106.13,42.5,2685.14,Yes,3.6
SES-000628,ST-0229,2024-03-13,15.32,41.8,183.86,No,4.0
SES-000556,ST-0201,2024-11-29,2.2,40.1,20.27,Yes,4.6
SES-000194,ST-0231,2023-02-16,22.09,22.1,397.67,No,3.9
SES-000327,ST-0066,2023-09-26,1.79,32.5,16.43,Yes,4.0
SES-000344,ST-0248,2024-06-15,3.05,55.4,24.39,No,3.5
SES-000109,ST-0031,2024-04-30,30.09,30.1,622.91,Yes,4.0
SES-000156,ST-0222,2024-10-13,116.69,46.7,2567.07,No,4.5
SES-000531,ST-0002,2023-04-02,116.4,46.6,2560.85,No,4.0
SES-001208,ST-0263,2024-11-11,5.58,15.2,67.02,No,3.7
SES-000376,ST-0071,2024-08-24,64.45,25.8,1630.46,Yes,4.0
SES-001419,ST-0157,2024-10-26,33.47,33.5,602.46,No,4.2
SES-000764,ST-0144,2023-07-16,1.37,25.0,12.63,Yes,3.1
SES-000481,ST-0113,2024-02-29,23.39,23.4,420.95,No,4.4
SES-000992,ST-0005,2023-11-21,5.35,14.6,64.16,No,3.9
SES-000691,ST-0227,2024-11-25,33.02,33.0,683.49,Yes,3.2
SES-001406,ST-0249,2024-06-07,3.41,62.0,27.27,No,3.8
SES-001434,ST-0150,2023-05-09,84.58,33.8,2140.0,Yes,3.1
SES-001280,ST-0175,2024-11-05,9.32,25.4,111.8,No,4.2
SES-000472,ST-0184,2024-12-22,2.21,40.2,17.69,No,4.1
SES-001276,ST-0195,2024-12-24,32.44,32.4,671.5,Yes,3.7
SES-000017,ST-0191,2024-10-31,44.18,17.7,971.95,No,3.2
SES-001083,ST-0252,2023-02-04,60.93,24.4,1340.45,No,4.8
SES-000682,ST-0189,2023-12-08,115.75,46.3,2546.54,No,3.1
SES-000076,ST-0241,2023-07-16,2.57,46.7,23.64,Yes,4.8
SES-000135,ST-0070,2024-07-19,13.32,36.3,183.87,Yes,4.2
SES-000002,ST-0067,2023-01-27,45.95,46.0,827.13,No,3.3
SES-000438,ST-0212,2023-06-22,91.56,36.6,2014.35,No,4.2
SES-001009,ST-0283,2024-01-26,59.82,23.9,1316.01,No,4.7
SES-000320,ST-0265,2023-04-28,72.81,29.1,1842.17,Yes,3.7
SES-001269,ST-0005,2024-04-13,13.43,36.6,185.34,Yes,3.1
SES-000982,ST-0065,2023-04-05,2.53,46.0,20.25,No,4.0
SES-000957,ST-0160,2024-10-21,93.78,37.5,2063.2,No,5.0
SES-000644,ST-0257,2023-05-09,35.97,36.0,744.48,Yes,4.4
SES-000322,ST-0169,2024-01-04,77.87,31.1,1713.25,No,4.6
SES-000568,ST-0198,2023-11-30,1.58,28.7,12.64,No,4.8
SES-001470,ST-0088,2023-06-23,6.37,17.4,87.85,Yes,4.3
SES-000252,ST-0195,2024-10-15,32.23,,667.21,Yes,4.3
SES-000875,ST-0044,2024-05-19,17.97,49.0,215.61,No,4.6
SES-001092,ST-0293,2023-08-07,2.29,41.6,18.33,No,4.4
SES-001353,ST-0247,2024-01-01,3.35,60.9,26.78,No,4.7
SES-000063,ST-0080,2024-08-06,42.57,17.0,1077.1,Yes,4.2
SES-001471,ST-0043,2023-09-23,79.27,31.7,1744.04,No,3.9
SES-000090,ST-0173,2024-05-30,107.61,43.0,2367.34,No,4.0
SES-001405,ST-0276,2023-03-21,2.07,37.6,19.04,Yes,3.4
SES-001374,ST-0193,2023-12-11,21.26,21.3,382.65,No,5.0
SES-000157,ST-0017,2024-12-06,8.79,24.0,105.42,No,4.2
SES-000442,ST-0122,2024-12-14,48.15,19.3,1218.23,Yes,3.8
SES-001266,ST-0027,2023-10-09,14.79,40.3,177.45,No,3.5
SES-000716,ST-0246,2024-11-21,112.12,44.8,2466.59,No,3.3
SES-000415,ST-0292,2023-06-29,3.4,61.7,27.16,No,4.7
SES-001383,ST-0128,2023-10-15,60.58,24.2,1332.7,No,3.7
SES-000553,ST-0042,2023-01-08,16.96,46.3,234.07,Yes,3.9
SES-000512,ST-0101,2024-10-18,48.7,48.7,876.63,No,5.0
SES-001392,ST-0061,2024-07-23,15.3,41.7,183.55,No,3.1
SES-000522,ST-0005,2024-04-11,9.92,27.1,136.89,Yes,3.0
SES-000864,ST-0097,2023-09-29,13.64,37.2,163.73,No,4.4
SES-001289,ST-0097,2024-05-02,10.21,27.8,122.52,No,3.3
SES-000693,ST-0138,2023-09-23,83.54,33.4,1837.88,No,4.6
SES-000474,ST-0011,2024-03-14,11.02,30.1,152.09,Yes,4.9
SES-001411,ST-0136,2024-02-22,10.59,28.9,146.16,Yes,3.3
SES-000745,ST-0156,2024-11-12,15.96,43.5,191.5,No,3.8
SES-001287,ST-0287,2023-06-12,9.36,25.5,129.15,Yes,3.2
SES-000181,ST-0223,2024-02-09,30.07,30.1,,No,4.8
SES-000712,ST-0008,2023-01-08,48.43,48.4,871.78,No,3.1
SES-000739,ST-0177,2024-11-03,115.04,46.0,2530.93,No,4.4
SES-001369,ST-0101,2024-01-27,29.82,29.8,536.76,No,3.7
SES-000402,ST-0149,2023-04-24,60.47,24.2,1529.91,Yes,3.4
SES-000796,ST-0141,2024-12-11,14.33,39.1,172.02,No,4.0
SES-000346,ST-0187,2024-05-09,2.78,50.6,22.27,No,3.9
SES-001495,ST-0124,2023-06-05,19.44,,268.34,Yes,4.3
SES-000251,ST-0277,2024-12-21,13.2,36.0,182.21,Yes,4.9
SES-000296,ST-0287,2023-07-18,9.2,25.1,110.41,No,3.7
SES-001450,ST-0280,2023-12-11,2.85,51.9,22.82,No,4.3
SES-001286,ST-0109,2024-02-18,56.57,22.6,1244.64,No,3.3
SES-000835,ST-0018,2024-06-23,12.77,34.8,176.19,Yes,3.5
SES-000263,ST-0228,2024-10-27,31.86,31.9,573.44,No,4.7
SES-000121,ST-0257,2023-02-07,31.04,31.0,642.52,Yes,4.4
SES-001483,ST-0181,2023-05-21,1.02,18.5,,Yes,4.4
SES-000695,ST-0171,2023-05-27,17.5,47.7,210.01,No,3.6
SES-000220,ST-0168,2023-01-02,20.56,20.6,370.02,No,4.3
SES-000268,ST-0210,2023-08-18,35.9,35.9,,No,4.9
SES-000369,ST-0206,2024-07-10,6.53,17.8,78.35,No,3.6
SES-000193,ST-0023,2024-06-30,96.97,38.8,2133.33,No,3.8
SES-000291,ST-0293,2024-04-20,1.49,27.0,11.89,No,4.2
SES-001398,ST-0013,2023-05-31,69.55,27.8,1530.07,No,4.3
SES-001381,ST-0291,2024-01-26,1.13,20.6,10.43,Yes,3.4
SES-001360,ST-0206,2024-06-17,15.1,41.2,181.16,No,3.7
SES-000888,ST-0220,2024-12-19,7.27,19.8,87.27,No,4.8
SES-000547,ST-0054,2024-01-22,5.95,16.2,82.04,Yes,3.6
SES-000075,ST-0047,2024-03-22,7.88,21.5,94.59,No,3.3
SES-001223,ST-0112,2024-03-22,111.94,44.8,2832.14,Yes,4.5
SES-000849,ST-0034,2024-06-07,19.23,52.5,265.4,Yes,4.5
SES-000253,ST-0040,2023-10-12,2.18,39.7,20.1,Yes,3.8
SES-000433,ST-0139,2023-03-26,15.61,42.6,187.34,No,5.0
SES-000871,ST-0267,2024-03-10,9.96,27.2,137.38,Yes,3.0
SES-000597,ST-0009,2024-11-26,46.63,46.6,839.36,No,3.7
SES-001415,ST-0193,2023-08-05,,22.7,470.73,Yes,5.0
SES-000012,ST-0134,2024-09-08,91.2,36.5,2006.45,No,4.9
SES-000850,ST-0209,2023-08-18,19.38,52.9,267.51,Yes,4.7
SES-000655,ST-0075,2023-02-05,23.87,23.9,429.71,No,4.4
SES-000970,ST-0162,2023-02-09,53.91,21.6,1363.96,Yes,4.1
SES-000981,ST-0070,2023-09-23,,48.8,214.89,No,3.8
SES-000210,ST-0141,2024-07-20,17.48,47.7,241.2,Yes,3.5
SES-001365,ST-0162,2023-02-04,72.55,29.0,1835.64,Yes,4.9
SES-001117,ST-0148,2023-01-11,,29.0,146.68,Yes,3.2
SES-001329,ST-0277,2023-03-14,14.32,39.0,197.57,Yes,5.0
SES-000180,ST-0189,2024-11-11,44.54,17.8,979.8,No,4.1
SES-001194,ST-0203,2023-04-02,,38.7,696.04,No,4.9
SES-000514,ST-0011,2024-08-02,7.53,20.5,90.35,No,4.1
SES-000313,ST-0106,2023-06-16,,24.0,1321.57,No,4.2
SES-000441,ST-0282,2023-02-05,2.99,54.3,27.5,Yes,4.9
SES-000622,ST-0285,2023-06-17,77.83,31.1,1712.33,No,4.5
SES-000161,ST-0137,2023-05-01,5.99,16.3,71.87,No,4.5
SES-001342,ST-0092,2024-01-12,10.47,28.6,125.62,No,3.3
SES-000377,ST-0103,2024-04-17,5.35,14.6,64.19,No,4.0
SES-000206,ST-0207,2023-05-04,15.97,43.6,191.64,No,4.1
SES-000289,ST-0028,2024-09-24,1.36,24.8,10.92,No,4.2
SES-000057,ST-0003,2024-10-03,33.17,33.2,597.01,No,4.2
SES-000685,ST-0114,2023-04-18,1.44,26.2,11.52,No,3.7
SES-000385,ST-0220,2024-02-18,6.05,16.5,72.61,No,4.1
SES-000501,ST-0273,2024-05-08,,20.8,91.61,No,4.7
SES-001431,ST-0271,2024-07-27,40.83,40.8,845.13,Yes,3.8
SES-000838,ST-0174,2024-10-21,21.16,21.2,380.84,No,3.9
SES-000232,ST-0079,2024-12-25,35.32,35.3,635.83,No,3.8
SES-001267,ST-0149,2023-04-20,109.7,43.9,2413.41,No,4.5
SES-000426,ST-0192,2023-06-18,1.39,25.3,11.13,No,3.4
SES-001210,ST-0258,2023-01-16,57.72,23.1,1269.78,No,3.2
SES-000311,ST-0020,2023-12-06,37.39,37.4,673.02,No,4.8
SES-000590,ST-0207,2023-03-31,6.28,17.1,86.65,Yes,4.2
SES-000238,ST-0132,2024-12-14,27.03,27.0,486.6,No,3.5
SES-000237,ST-0230,2023-01-10,2.31,42.0,21.23,Yes,4.2
SES-000427,ST-0182,2023-02-15,107.13,42.9,2710.32,Yes,4.5
SES-000949,ST-0069,2024-04-29,3.66,66.5,33.66,Yes,3.5
SES-001485,ST-0272,2023-08-16,49.83,49.8,896.92,No,4.6
SES-000582,ST-0101,2023-08-14,48.07,48.1,865.33,No,3.3
SES-001290,ST-0284,2023-08-31,82.84,33.1,1822.51,No,4.9
SES-000176,ST-0230,2024-09-12,2.35,42.7,,No,3.4
SES-001134,ST-0117,2023-09-06,1.79,32.6,14.35,No,3.3
SES-001378,ST-0177,2024-11-25,90.03,36.0,1980.7,No,4.3
SES-000955,ST-0279,2024-11-29,3.01,54.8,24.1,No,4.4
SES-000457,ST-0289,2023-06-27,6.55,17.9,78.59,No,3.9
SES-000799,ST-0275,2024-06-05,49.84,49.8,1031.74,Yes,3.9
SES-001318,ST-0287,2023-06-11,19.69,53.7,236.26,No,3.3
SES-001496,ST-0139,2024-05-23,14.39,39.3,172.72,No,4.0
SES-001457,ST-0248,2023-01-08,1.59,28.9,14.63,Yes,4.6
SES-000318,ST-0229,2023-07-08,14.23,38.8,196.33,Yes,3.5
SES-001221,ST-0178,2023-04-11,2.86,52.0,22.86,No,3.1
SES-000964,ST-0212,2024-04-21,115.07,46.0,2531.47,No,3.0
SES-000672,ST-0220,2023-05-27,10.77,29.4,129.29,No,3.8
SES-000995,ST-0126,2023-05-09,8.14,22.2,97.65,No,4.8
SES-000153,ST-0230,2023-03-21,2.38,43.3,21.92,Yes,4.4
SES-000559,ST-0004,2023-12-05,89.69,35.9,1973.09,No,4.8
SES-000968,ST-0079,2024-05-12,39.35,39.4,708.37,No,4.8
SES-001373,ST-0294,2023-12-23,20.04,20.0,414.89,Yes,3.3
SES-001451,ST-0177,2023-02-16,81.94,32.8,1802.66,No,3.5
SES-000956,ST-0237,2023-09-27,1.23,22.4,9.86,No,4.8
SES-001278,ST-0173,2023-12-27,88.99,35.6,1957.83,No,4.9
SES-001371,ST-0247,2024-11-06,1.34,24.4,10.74,No,4.5
SES-000753,ST-0006,2023-12-17,5.97,16.3,82.39,Yes,3.7
SES-000769,ST-0061,2024-03-13,5.81,15.8,80.13,Yes,4.8
SES-001355,ST-0295,2023-10-27,43.06,,774.99,No,3.0
SES-000575,ST-0233,2023-03-31,80.3,32.1,2031.56,Yes,3.3
SES-001500,ST-0117,2024-12-28,2.21,40.3,17.71,No,4.8
SES-000265,ST-0273,2024-02-21,14.99,40.9,179.85,No,3.1
SES-000292,ST-0201,2024-09-26,1.54,27.9,12.28,No,3.1
SES-001297,ST-0177,2024-01-22,110.7,44.3,2435.42,No,4.4
SES-000600,ST-0089,2023-11-20,1.75,31.9,14.02,No,4.5
SES-000984,ST-0115,2024-03-05,22.0,22.0,455.39,Yes,3.6
SES-000155,ST-0125,2024-02-09,40.48,40.5,728.63,No,3.9
SES-001364,ST-0269,2024-04-09,1.78,32.3,14.23,No,3.2
SES-000023,ST-0259,2024-03-09,22.5,22.5,404.93,No,4.8
SES-000844,ST-0288,2023-06-17,10.02,27.3,120.24,No,3.4
SES-001420,ST-0054,2023-08-18,9.31,25.4,111.71,No,4.0
SES-001421,ST-0048,2024-08-11,79.11,31.6,1740.42,No,4.1
SES-000867,ST-0098,2024-05-04,2.47,44.8,19.73,No,3.8
SES-001384,ST-0190,2023-09-13,40.92,40.9,847.08,Yes,3.5
SES-001440,ST-0264,2023-07-22,14.1,,169.17,No,3.3
SES-001238,ST-0034,2023-10-28,11.25,30.7,134.99,No,3.7
SES-000259,ST-0051,2023-10-08,87.71,35.1,1929.64,No,4.7
SES-000228,ST-0288,2023-04-02,13.5,36.8,186.36,Yes,3.1
SES-000317,ST-0070,2023-12-06,15.41,42.0,212.7,Yes,3.4
SES-001047,ST-0063,2024-11-06,114.13,45.7,2510.78,No,4.3
SES-000108,ST-0119,2024-03-01,1.25,22.8,10.01,No,3.7
SES-001385,ST-0059,2024-08-07,3.34,60.7,30.72,Yes,4.2
SES-001159,ST-0027,2023-04-22,10.37,28.3,124.38,No,3.9
SES-000428,ST-0130,2024-10-16,14.51,39.6,200.24,Yes,3.2
SES-000086,ST-0209,2024-05-20,17.56,47.9,210.72,No,3.9
SES-000878,ST-0053,2024-12-11,13.63,37.2,163.5,No,3.1
SES-000846,ST-0080,2024-12-09,99.57,39.8,2519.13,Yes,3.0
SES-001480,ST-0154,2023-10-30,14.68,40.0,176.12,No,3.3
SES-000593,ST-0163,2023-11-17,3.16,57.4,25.25,No,4.9
SES-000611,ST-0153,2023-02-23,3.44,62.5,27.48,No,4.6
SES-001497,ST-0300,2024-10-12,15.2,41.5,209.81,Yes,4.9
SES-000525,ST-0036,2023-04-05,18.28,49.8,252.22,Yes,3.1
SES-000031,ST-0106,2023-05-11,107.08,42.8,2709.13,Yes,4.9
SES-000011,ST-0300,2023-02-26,10.12,27.6,139.69,Yes,5.0
SES-000942,ST-0044,2023-01-16,6.83,18.6,94.26,Yes,3.8
SES-000439,ST-0298,2023-01-12,103.66,41.5,2280.43,No,3.5
SES-000343,ST-0258,2024-02-02,94.04,37.6,2379.12,Yes,3.2
SES-000711,ST-0122,2024-02-20,109.58,43.8,2410.85,No,4.8
SES-001176,ST-0029,2023-01-10,12.23,33.4,146.81,No,3.5
SES-000459,ST-0036,2024-04-14,17.57,47.9,210.79,No,3.1
SES-000840,ST-0259,2024-10-04,28.19,28.2,583.55,Yes,3.3
SES-000670,ST-0286,2023-06-17,24.51,24.5,441.12,No,3.3
SES-001126,ST-0206,2023-05-03,13.2,36.0,158.36,No,3.7
SES-000126,ST-0262,2023-10-14,17.19,46.9,237.18,Yes,3.6
SES-000258,ST-0207,2023-08-22,6.96,19.0,83.53,No,4.6
SES-001191,ST-0005,2023-08-14,16.53,45.1,198.38,No,3.4
SES-001258,ST-0276,2024-07-13,1.92,34.8,15.33,No,4.0
SES-000314,ST-0270,2023-02-13,1.62,29.5,12.99,No,4.1
SES-001242,ST-0069,2023-03-28,1.17,21.2,9.33,No,4.9
SES-001059,ST-0292,2023-07-02,2.43,44.3,22.39,Yes,5.0
SES-000005,ST-0289,2023-06-07,12.78,34.9,153.35,No,3.3
SES-001062,ST-0041,2024-09-06,40.13,40.1,722.39,No,4.5
SES-000199,ST-0012,2023-10-20,1.12,20.3,8.93,No,4.8
SES-000629,ST-0021,2023-04-09,102.9,41.2,2263.88,No,4.1
SES-000410,ST-0202,2024-02-13,18.39,50.1,220.66,No,4.4
SES-001253,ST-0194,2023-05-04,25.71,25.7,462.7,No,3.9
SES-000717,ST-0239,2023-06-29,10.63,29.0,127.59,No,4.6
SES-001319,ST-0043,2024-08-12,58.49,23.4,1479.74,Yes,4.8
SES-000175,ST-0254,2024-01-22,25.76,25.8,463.68,No,3.5
SES-001274,ST-0046,2023-06-12,19.02,51.9,262.51,Yes,3.6
SES-001080,ST-0009,2024-09-13,45.7,45.7,822.57,No,3.2
SES-000470,ST-0035,2023-01-19,3.19,58.0,29.37,Yes,3.2
SES-000203,ST-0227,2023-03-01,24.09,24.1,498.61,Yes,3.5
SES-000953,ST-0144,2024-09-26,2.09,38.0,16.73,No,4.6
SES-000596,ST-0152,2024-03-09,53.36,21.3,1173.99,No,3.4
SES-000632,ST-0296,2023-06-02,9.37,25.6,112.46,No,4.7
SES-000178,ST-0069,2024-11-14,1.48,27.0,11.87,No,4.0
SES-000276,ST-0148,2023-01-25,13.22,36.0,158.61,No,3.1
SES-000889,ST-0289,2023-03-17,13.41,36.6,,No,4.0
SES-000413,ST-0113,2023-10-22,46.06,46.1,828.99,No,3.9
SES-000014,ST-0282,2024-02-13,3.46,62.9,31.85,Yes,4.0
SES-000484,ST-0256,2024-11-11,16.29,44.4,224.86,Yes,4.8
SES-001459,ST-0001,2023-06-30,47.07,18.8,1190.88,Yes,4.7
SES-001448,ST-0078,2024-07-24,89.97,36.0,1979.36,No,3.3
SES-000476,ST-0206,2023-10-31,14.93,40.7,179.15,No,3.1
SES-001268,ST-0211,2024-03-11,31.62,31.6,569.12,No,3.1
SES-000539,ST-0072,2024-12-21,6.8,18.5,81.59,No,3.8
SES-000616,ST-0071,2024-02-05,56.51,22.6,1243.16,No,3.3
SES-000978,ST-0072,2023-03-12,11.35,30.9,156.57,Yes,4.7
SES-000118,ST-0055,2024-06-13,48.67,48.7,875.98,No,3.1
SES-000537,ST-0225,2024-11-01,,17.4,76.48,No,3.9
SES-001121,ST-0089,2024-12-05,1.96,35.6,15.64,No,3.3
SES-001122,ST-0143,2023-02-14,33.03,33.0,683.72,Yes,3.7
SES-000642,ST-0190,2023-04-07,37.46,37.5,674.27,No,3.7
SES-000603,ST-0005,2023-05-30,14.61,39.8,175.27,No,4.8
SES-001202,ST-0133,2024-09-19,1.32,24.0,10.58,No,4.9
SES-001181,ST-0013,2023-06-21,43.54,17.4,957.87,No,4.1
SES-000881,ST-0271,2023-05-17,24.69,24.7,444.41,No,4.4
SES-000164,ST-0092,2024-02-23,13.37,36.5,160.4,No,4.9
SES-000112,ST-0136,2023-09-09,18.42,50.2,221.01,No,3.5
SES-000345,ST-0211,2024-12-30,33.39,33.4,691.13,Yes,3.2
SES-001182,ST-0005,2023-04-13,,19.0,83.49,No,5.0
SES-001069,ST-0232,2023-05-10,15.4,42.0,184.83,No,4.4
SES-000483,ST-0216,2023-07-30,41.21,41.2,853.11,Yes,3.5
SES-001324,ST-0135,2024-03-07,5.62,15.3,77.51,Yes,4.9
SES-000954,ST-0024,2024-06-08,47.67,47.7,858.06,No,4.5
SES-000131,ST-0060,2023-11-05,1.6,29.2,12.83,No,3.6
SES-001285,ST-0284,2024-08-17,58.13,23.3,1278.9,No,4.4
SES-001292,ST-0101,2024-03-06,32.98,33.0,593.64,No,4.1
SES-000339,ST-0157,2023-02-24,49.72,49.7,1029.16,Yes,4.3
SES-000887,ST-0202,2023-01-27,9.28,25.3,111.42,No,3.2
SES-001063,ST-0039,2024-06-18,27.96,28.0,578.77,Yes,3.1
SES-000073,ST-0225,2023-04-30,6.82,18.6,81.86,No,3.9
SES-000515,ST-0283,2024-03-22,43.27,17.3,1094.76,Yes,3.2
SES-001229,ST-0151,2024-06-23,38.13,38.1,789.23,Yes,3.6
SES-000516,ST-0118,2023-12-23,17.23,47.0,206.8,No,4.3
SES-001214,ST-0100,2023-05-22,2.35,42.6,21.58,Yes,3.2
SES-000379,ST-0131,2024-12-15,104.94,42.0,2308.62,No,4.5
SES-000013,ST-0028,2023-09-19,1.01,18.3,9.25,Yes,3.7
SES-000448,ST-0026,2024-03-07,3.31,60.3,30.5,Yes,4.8
SES-000967,ST-0144,2023-11-21,2.32,42.2,21.35,Yes,4.3
SES-000209,ST-0178,2023-10-03,2.83,51.5,22.67,No,4.3
SES-000304,ST-0079,2023-01-09,32.82,32.8,679.43,Yes,3.6
SES-000577,ST-0020,2024-04-01,45.26,45.3,936.86,Yes,3.1
SES-000621,ST-0170,2024-12-27,2.29,41.7,,No,3.3
SES-001302,ST-0257,2023-07-16,26.93,26.9,484.72,No,4.2
SES-001060,ST-0214,2023-02-02,5.67,15.5,67.99,No,3.3
SES-000566,ST-0131,2024-10-15,58.86,23.5,1489.16,Yes,3.7
SES-001372,ST-0203,2024-11-07,20.08,20.1,361.38,No,3.4
SES-000694,ST-0235,2024-12-31,18.62,50.8,223.43,No,4.1
SES-001141,ST-0062,2024-05-31,12.48,34.0,149.82,No,3.5
SES-001282,ST-0041,2024-04-28,43.35,43.3,780.26,No,4.4
SES-000645,ST-0012,2024-12-31,2.94,,27.02,Yes,4.2
SES-000883,ST-0136,2023-05-23,11.33,30.9,135.96,No,3.1
SES-000341,ST-0169,2023-08-03,44.27,17.7,973.89,No,4.7
SES-001331,ST-0183,2024-05-05,12.6,34.4,151.19,No,3.6
SES-000347,ST-0033,2024-08-18,117.04,46.8,2574.8,No,4.3
SES-001429,ST-0102,2023-04-29,18.55,50.6,222.56,No,3.2
SES-001316,ST-0216,2023-10-24,46.52,46.5,962.94,Yes,4.2
SES-000305,ST-0291,2024-11-25,2.28,41.5,18.25,No,3.5
SES-000037,ST-0299,2023-12-30,3.47,63.0,27.73,No,4.4
SES-000812,ST-0212,2024-10-26,79.6,31.8,2013.76,Yes,4.6
SES-000043,ST-0126,2023-09-29,6.91,18.9,82.97,No,3.3
SES-000932,ST-0127,2023-08-26,41.76,16.7,918.79,No,3.1
SES-000395,ST-0196,2024-12-06,3.65,66.4,33.6,Yes,3.8
SES-000879,ST-0045,2023-08-29,50.11,20.0,1102.37,No,4.0
SES-001396,ST-0269,2023-10-10,2.49,45.3,22.92,Yes,4.7
SES-001215,ST-0250,2024-05-29,41.54,41.5,747.67,No,3.7
SES-000734,ST-0245,2024-05-14,90.26,36.1,2283.56,Yes,4.2
SES-000460,ST-0045,2023-10-13,45.65,18.3,1155.04,Yes,4.1
SES-000708,ST-0196,2023-01-11,2.94,53.5,23.52,No,4.9
SES-000424,ST-0196,2024-01-13,1.67,30.3,15.33,Yes,3.2
SES-001488,ST-0137,2023-03-17,5.76,15.7,69.15,No,4.7
SES-000927,ST-0165,2023-06-03,33.23,33.2,598.08,No,4.6
SES-000880,ST-0271,2023-01-18,49.1,49.1,1016.33,Yes,3.8
SES-000295,ST-0019,2023-01-13,30.16,30.2,624.36,Yes,4.2
SES-000586,ST-0221,2024-08-12,37.98,38.0,683.62,No,3.6
SES-000027,ST-0211,2024-10-25,38.11,38.1,685.96,No,3.1
SES-000681,ST-0166,2024-10-17,17.36,47.4,239.61,Yes,4.1
SES-001049,ST-0066,2024-08-16,1.67,30.3,13.34,No,4.8
SES-001044,ST-0062,2024-01-02,15.05,41.0,180.56,No,4.3
SES-000136,ST-0112,2024-10-12,103.64,41.5,2280.01,No,3.1
SES-000511,ST-0040,2024-01-18,2.95,53.7,23.61,No,4.4
SES-000211,ST-0166,2023-01-30,416.1735297749,26.8,135.52,Yes,4.5
SES-001109,ST-0113,2023-01-17,47.36,47.4,980.39,Yes,3.8
SES-000354,ST-0185,2024-06-15,107.89,43.2,2729.51,Yes,3.8
SES-000946,ST-0021,2023-06-15,54.75,21.9,1204.6,No,4.0
SES-001251,ST-0031,2024-09-30,28.44,28.4,511.86,No,4.9
SES-000853,ST-0153,2024-12-01,2.08,37.9,16.66,No,3.9
SES-000056,ST-0035,2024-10-27,2.41,43.8,19.28,No,3.2
SES-000464,ST-0197,2024-08-05,47.3,47.3,,No,3.7
SES-001424,ST-0143,2024-11-06,35.22,35.2,,No,3.8
SES-001445,ST-0203,2023-06-20,34.05,34.0,704.82,Yes,4.0
SES-000857,ST-0083,2023-12-08,84.02,33.6,2125.81,Yes,4.4
SES-000217,ST-0084,2023-05-26,1.94,35.2,17.81,Yes,4.3
SES-001441,ST-0227,2023-01-16,28.5,28.5,513.0,No,3.5
SES-000041,ST-0064,2024-03-02,32.34,32.3,669.39,Yes,3.7
SES-000885,ST-0056,2023-08-18,50.67,20.3,1281.97,Yes,5.0
SES-000397,ST-0251,2024-01-31,62.58,25.0,1376.72,No,4.6
SES-001456,ST-0142,2024-08-26,65.51,,1441.18,No,4.7
SES-001057,ST-0229,2024-10-10,13.0,35.5,156.01,No,4.7
SES-001243,ST-0218,2024-10-27,86.76,34.7,2195.01,Yes,3.7
SES-001387,ST-0271,2023-09-14,20.66,20.7,427.64,Yes,3.8
SES-001195,ST-0086,2024-01-22,39.52,39.5,711.42,No,3.7
SES-001399,ST-0030,2024-11-01,6.89,18.8,95.09,Yes,3.4
SES-000179,ST-0246,2023-11-30,79.64,31.9,2015.0,Yes,3.0
SES-000177,ST-0128,2024-05-31,94.23,37.7,2073.05,No,4.0
SES-000741,ST-0257,2024-12-27,40.61,40.6,840.55,Yes,4.1
SES-000508,ST-0199,2023-07-14,100.98,40.4,2554.87,Yes,3.1
SES-000571,ST-0109,2024-05-02,119.34,47.7,2625.42,No,3.6
SES-000921,ST-0041,2023-11-19,,32.9,681.78,Yes,4.0
SES-001325,ST-0286,2023-03-02,28.63,28.6,592.58,Yes,3.7
SES-000301,ST-0169,2024-10-29,119.04,47.6,2618.84,No,3.0
SES-001461,ST-0042,2024-05-20,13.87,37.8,191.34,Yes,3.1
SES-000972,ST-0055,2023-11-24,23.47,23.5,422.48,No,3.9
SES-000640,ST-0248,2024-08-23,2.28,41.4,20.94,Yes,3.7
SES-000564,ST-0240,2024-12-03,3.35,60.9,26.79,No,4.8
SES-001255,ST-0270,2024-06-01,2.75,50.0,22.02,No,4.8
SES-000079,ST-0296,2024-11-03,10.22,27.9,122.65,No,4.9
SES-000519,ST-0178,2023-09-10,2.21,40.2,17.7,No,5.0
SES-000076,ST-0241,2023-07-16,2.57,46.7,23.64,Yes,4.8
SES-000727,ST-0211,2024-05-14,21.16,21.2,380.88,No,4.8
SES-000229,ST-0040,2023-05-24,2.21,40.1,17.64,No,3.2
SES-000819,ST-0242,2023-01-17,50.02,20.0,1265.54,Yes,4.2
SES-001484,ST-0175,2023-04-30,7.36,20.1,88.28,No,3.2
SES-000051,ST-0136,2024-12-07,12.95,35.3,155.45,No,3.9
SES-000030,ST-0151,2024-05-04,38.69,38.7,800.87,Yes,3.1
SES-000634,ST-0003,2023-11-06,35.94,35.9,646.88,No,3.9
SES-000657,ST-0292,2024-07-11,1.52,27.5,12.12,No,3.2
SES-000562,ST-0193,2024-06-27,27.52,27.5,495.28,No,3.8
SES-001358,ST-0270,2024-02-25,3.21,58.4,29.56,Yes,3.1
SES-001008,ST-0201,2024-07-20,3.4,61.8,,No,3.9
SES-001254,ST-0133,2023-07-29,3.3,60.1,30.4,Yes,3.5
SES-001136,ST-0033,2023-01-14,57.42,23.0,1452.81,Yes,4.4
SES-000204,ST-0292,2023-11-24,2.06,37.4,16.48,No,4.9
SES-000445,ST-0147,2023-01-05,3.06,55.6,28.14,Yes,4.5
SES-000372,ST-0060,2024-11-02,1.67,30.3,13.35,No,3.7
SES-000033,ST-0228,2023-02-18,39.97,40.0,827.28,Yes,4.5
SES-001123,ST-0174,2023-11-08,36.12,36.1,747.72,Yes,3.6
SES-001207,ST-0057,2024-06-19,10.39,28.3,124.65,No,4.2
SES-000966,ST-0255,2023-07-24,2.54,46.3,20.36,No,4.4
SES-001064,ST-0118,2023-07-17,17.45,47.6,209.44,No,4.4
SES-000894,ST-0157,2024-04-26,30.47,30.5,548.5,No,3.3
SES-000669,ST-0017,2023-09-19,19.64,53.6,271.0,Yes,4.8
SES-001206,ST-0097,2023-05-31,16.33,44.5,195.98,No,3.8
SES-001230,ST-0213,2024-05-30,28.36,28.4,510.5,No,4.1
SES-000959,ST-0219,2023-04-18,27.33,27.3,565.8,Yes,3.6
SES-000335,ST-0152,2024-01-23,50.82,20.3,1285.7,Yes,3.5
SES-000383,ST-0235,2024-11-05,17.47,47.6,209.59,No,3.4
SES-001087,ST-0162,2023-11-27,68.98,27.6,1745.19,Yes,4.3
SES-001144,ST-0137,2024-02-14,5.65,15.4,78.01,Yes,3.7
SES-000373,ST-0036,2024-06-08,6.84,18.7,82.11,No,3.2
SES-000152,ST-0127,2023-05-14,53.46,21.4,1352.46,Yes,3.8
SES-000960,ST-0263,2024-08-06,19.22,52.4,230.62,No,4.5
SES-000779,ST-0103,2023-05-14,19.59,53.4,235.06,No,3.2
SES-001007,ST-0162,2024-04-14,52.08,20.8,1145.82,No,3.6
SES-000004,ST-0107,2024-08-27,22.21,22.2,399.73,No,4.6
SES-001022,ST-0040,2024-01-19,1.11,20.2,10.25,Yes,4.4
SES-000703,ST-0294,2023-03-31,38.95,38.9,701.04,No,4.0
SES-000643,ST-0227,2024-10-22,32.07,32.1,577.23,No,3.5
SES-000430,ST-0086,2023-01-11,49.1,49.1,883.74,No,4.9
SES-001187,ST-0267,2023-12-08,6.69,18.2,92.33,Yes,4.7
SES-001347,ST-0116,2023-03-20,87.28,34.9,1920.08,No,4.1
SES-001464,ST-0049,2023-11-23,,43.8,2773.42,Yes,3.8
SES-000446,ST-0260,2023-07-26,2.35,42.8,18.81,No,4.0
SES-000855,ST-0243,2023-04-23,42.32,42.3,876.13,Yes,4.3
SES-001449,ST-0003,2023-05-02,48.44,48.4,871.9,No,4.5
SES-000042,ST-0292,2024-04-10,3.89,70.7,35.79,Yes,3.7
SES-000834,ST-0228,2024-10-22,47.12,47.1,975.32,Yes,3.6
SES-000223,ST-0100,2024-05-08,1.96,35.7,18.07,Yes,4.9
SES-000841,ST-0036,2023-01-10,12.81,34.9,153.78,No,3.9
SES-001394,ST-0054,2024-09-16,10.92,29.8,150.68,Yes,4.4
SES-000053,ST-0154,2023-07-15,16.55,45.1,228.38,Yes,3.7
SES-000502,ST-0241,2024-03-13,3.59,65.2,28.68,No,4.4
SES-000114,ST-0056,2023-05-22,,27.5,1514.17,No,4.6
SES-000049,ST-0138,2024-02-19,46.31,18.5,1018.87,No,3.2
SES-000290,ST-0245,2024-09-05,102.57,41.0,2594.95,Yes,4.6
SES-000077,ST-0199,2023-08-26,101.35,40.5,2564.26,Yes,3.8
SES-000207,ST-0143,2024-09-03,24.36,24.4,504.24,Yes,4.7
SES-000378,ST-0200,2023-11-17,82.04,32.8,1804.97,No,4.1
SES-000124,ST-0144,2024-12-18,2.28,41.5,18.25,No,3.8
SES-000974,ST-0001,2024-01-06,74.15,29.7,1876.02,Yes,3.8
SES-001201,ST-0140,2024-08-16,76.7,30.7,,Yes,4.9
SES-001309,ST-0096,2024-05-27,39.94,39.9,718.84,No,5.0
SES-000387,ST-0066,2023-02-02,1.84,33.5,14.76,No,3.0
SES-000226,ST-0224,2024-06-06,48.52,19.4,1067.35,No,4.9
SES-001153,ST-0255,2024-06-04,3.31,60.1,26.45,No,4.5
SES-000633,ST-0018,2023-05-02,19.59,53.4,270.32,Yes,4.7
SES-000776,ST-0203,2024-05-18,49.86,49.9,1032.0,Yes,4.3
SES-000890,ST-0138,2023-06-11,77.24,30.9,1699.17,No,4.9
SES-000900,ST-0132,2023-01-12,27.01,27.0,486.15,No,3.4
SES-000833,ST-0131,2023-03-15,,24.1,1525.85,Yes,3.7
SES-000684,ST-0190,2024-01-22,39.64,39.6,820.64,Yes,4.9
SES-001370,ST-0101,2023-08-18,35.82,35.8,644.81,No,4.0
SES-000618,ST-0300,2023-07-19,15.43,42.1,185.11,No,4.0
SES-000686,ST-0011,2023-11-10,18.0,49.1,248.42,Yes,4.7
SES-000870,ST-0078,2024-01-30,93.79,37.5,2372.95,Yes,4.4
SES-000674,ST-0259,2024-12-14,31.45,31.4,566.05,No,3.5
SES-000750,ST-0128,2023-04-21,103.98,41.6,2630.68,Yes,4.3
SES-001003,ST-0253,2023-05-08,89.99,36.0,1979.69,No,5.0
SES-001073,ST-0151,2024-02-14,37.41,37.4,673.29,No,4.6
SES-000409,ST-0186,2023-01-08,13.87,37.8,191.47,Yes,3.1
SES-000630,ST-0083,2023-07-03,83.01,33.2,1826.19,No,4.0
SES-001279,ST-0288,2023-05-24,18.03,49.2,248.88,Yes,4.4
SES-000647,ST-0241,2024-07-03,3.64,66.3,29.16,No,3.6
SES-000140,ST-0161,2023-09-23,90.09,36.0,1982.08,No,3.6
SES-001119,ST-0151,2023-04-01,46.83,46.8,969.35,Yes,3.5
SES-000914,ST-0270,2024-09-09,1.5,27.3,13.79,Yes,3.1
SES-000166,ST-0263,2023-06-06,11.68,31.9,,Yes,3.1
SES-001138,ST-0131,2023-12-15,69.88,28.0,1537.4,No,4.3
SES-000813,ST-0047,2024-01-13,19.07,52.0,228.79,No,3.6
SES-000215,ST-0154,2024-02-21,16.57,45.2,228.69,Yes,3.5
SES-000132,ST-0185,2023-12-09,52.54,21.0,1329.18,Yes,4.5
SES-000315,ST-0033,2023-01-04,59.67,23.9,1509.58,Yes,4.7
SES-000139,ST-0017,2023-04-24,17.14,46.7,205.68,No,4.7
SES-001192,ST-0204,2023-02-01,44.22,44.2,795.88,No,4.0
SES-000417,ST-0273,2024-11-05,19.63,53.5,235.55,No,3.2
SES-001030,ST-0019,2024-02-07,26.46,26.5,476.36,No,3.1
SES-000039,ST-0179,2024-11-08,19.86,54.2,274.04,Yes,4.6
SES-000054,ST-0095,2024-12-13,14.0,38.2,167.95,No,3.7
SES-000707,ST-0264,2023-10-20,7.19,19.6,99.16,Yes,3.9
SES-000137,ST-0085,2024-07-06,3.57,64.8,32.8,Yes,3.0
SES-001375,ST-0181,2024-08-28,3.2,58.1,25.58,No,3.3
SES-000794,ST-0066,2023-10-08,2.62,47.6,24.06,Yes,4.5
SES-000036,ST-0237,2024-11-07,2.49,45.3,22.9,Yes,4.1
SES-000026,ST-0127,2023-12-16,69.15,27.7,1749.52,Yes,3.0
SES-000658,ST-0029,2024-11-04,18.5,50.4,221.96,No,4.6
SES-000450,ST-0019,2023-03-06,29.82,,536.75,No,3.3
SES-000579,ST-0003,2023-06-24,22.69,22.7,469.71,Yes,4.0
SES-000303,ST-0055,2023-11-13,28.25,28.3,584.81,Yes,3.6
SES-001413,ST-0135,2023-02-15,,40.7,205.85,Yes,4.5
SES-001466,ST-0195,2023-10-12,38.33,38.3,689.85,No,4.1
SES-001328,ST-0288,2024-12-20,18.34,50.0,220.08,No,3.3
SES-001053,ST-0298,2024-01-06,88.59,35.4,1948.9,No,3.3
SES-001185,ST-0039,2024-05-13,34.71,34.7,718.43,Yes,4.0
SES-000778,ST-0042,2024-11-30,18.58,50.7,223.0,No,4.8
SES-001211,ST-0062,2023-10-17,14.27,38.9,196.92,Yes,3.3
SES-000245,ST-0235,2024-01-15,15.18,41.4,209.46,Yes,3.8
SES-000104,ST-0215,2024-12-26,96.43,38.6,2121.47,No,3.6
SES-000277,ST-0120,2023-09-11,70.47,28.2,1550.36,No,3.9
SES-000394,ST-0285,2023-04-17,46.16,18.5,1167.91,Yes,3.1
SES-000111,ST-0185,2024-02-29,113.79,45.5,2879.01,Yes,4.3
SES-000589,ST-0151,2023-08-17,24.75,24.8,445.52,No,3.5
SES-000160,ST-0139,2023-05-13,16.21,44.2,194.49,No,4.6
SES-000971,ST-0039,2024-04-26,39.68,39.7,821.47,Yes,4.1
SES-000748,ST-0078,2024-02-14,101.53,40.6,2568.65,Yes,3.8
SES-001172,ST-0251,2023-12-07,103.86,41.5,2627.56,Yes,3.4
SES-001105,ST-0191,2024-08-12,77.19,30.9,1952.88,Yes,4.9
SES-000661,ST-0212,2024-08-13,55.51,22.2,1221.31,No,3.5
SES-001154,ST-0221,2023-10-07,38.33,38.3,793.41,Yes,4.6
SES-000340,ST-0242,2024-06-04,75.89,30.4,1669.56,No,4.8
SES-000330,ST-0296,2023-11-09,11.57,31.6,138.83,No,4.4
SES-000134,ST-0133,2023-10-18,2.34,42.6,18.75,No,3.2
SES-000638,ST-0147,2023-05-03,1.8,32.8,14.44,No,3.2
SES-000168,ST-0285,2023-01-29,87.37,34.9,2210.46,Yes,4.6
SES-001388,ST-0036,2024-08-05,7.14,19.5,98.53,Yes,4.4
SES-000928,ST-0180,2024-01-27,11.87,32.4,142.48,No,4.8
SES-000861,ST-0227,2023-06-03,37.95,38.0,683.17,No,3.1
SES-001021,ST-0237,2024-10-22,1.57,28.5,12.54,No,3.5
SES-001473,ST-0175,2023-07-31,11.56,31.5,159.48,Yes,3.0
SES-000025,ST-0015,2024-03-12,119.56,47.8,2630.23,No,5.0
SES-000807,ST-0092,2023-02-16,13.38,36.5,184.6,Yes,3.3
SES-001404,ST-0267,2023-02-15,8.99,24.5,107.86,No,4.7
SES-000444,ST-0099,2023-11-12,37.01,37.0,666.22,No,4.5
SES-000151,ST-0220,2023-03-25,9.26,25.3,111.13,No,3.6
SES-001301,ST-0153,2023-06-15,3.61,65.7,33.23,Yes,3.4
SES-000095,ST-0198,2024-07-24,1.06,19.3,8.51,No,4.7
SES-001346,ST-0214,2023-01-16,5.96,16.3,82.24,Yes,3.8
SES-000218,ST-0187,2023-06-22,2.9,52.7,23.18,No,4.0
SES-000382,ST-0076,2023-11-09,19.07,52.0,228.8,No,4.7
SES-001048,ST-0143,2023-05-28,40.63,40.6,840.99,Yes,3.5
SES-000781,ST-0081,2023-09-01,55.92,22.4,1230.15,No,4.5
SES-000901,ST-0040,2024-11-27,1.44,26.2,11.53,No,3.7
SES-001427,ST-0146,2023-12-03,18.48,50.4,221.8,No,3.4
SES-000865,ST-0298,2023-06-02,83.21,33.3,1830.61,No,4.0
SES-000293,ST-0165,2024-11-22,20.36,20.4,421.39,Yes,3.7
SES-000713,ST-0220,2023-12-20,7.92,21.6,95.03,No,3.5
SES-000101,ST-0099,2023-02-12,45.53,,819.6,No,4.9
SES-001050,ST-0099,2024-09-02,38.87,38.9,804.65,Yes,3.8
SES-000784,ST-0238,2024-11-01,19.85,54.1,273.98,Yes,3.2
SES-001198,ST-0053,2024-11-26,7.41,20.2,102.2,Yes,4.1
SES-000490,ST-0204,2023-05-09,43.36,43.4,780.52,No,4.4
SES-000701,ST-0253,2024-03-14,80.07,32.0,2025.75,Yes,3.5
SES-001148,ST-0174,2024-04-16,48.71,48.7,1008.35,Yes,3.9
SES-000751,ST-0241,2023-12-19,1.01,18.4,9.3,Yes,3.1
SES-000963,ST-0127,2024-04-24,70.27,28.1,1777.79,Yes,4.7
SES-001013,ST-0189,2024-09-23,71.87,28.7,1581.23,No,5.0
SES-000243,ST-0229,2024-01-02,17.1,46.6,205.24,No,4.2
SES-000169,ST-0202,2024-08-26,6.0,16.4,82.75,Yes,3.6
SES-000074,ST-0033,2024-10-23,111.99,44.8,2463.75,No,4.6
SES-000560,ST-0165,2024-12-16,44.64,44.6,924.05,Yes,4.4
SES-001311,ST-0206,2024-03-25,11.03,30.1,132.42,No,4.4
SES-001486,ST-0275,2024-06-03,29.92,29.9,619.39,Yes,4.7
SES-001273,ST-0164,2024-04-14,48.96,49.0,881.34,No,4.1
SES-000119,ST-0251,2023-11-19,68.32,27.3,1728.54,Yes,4.6
SES-000521,ST-0148,2024-10-22,9.62,26.2,115.4,No,5.0
SES-000714,ST-0068,2024-11-08,3.05,55.5,24.44,No,3.9
SES-000993,ST-0162,2024-11-21,79.2,31.7,1742.47,No,3.8
SES-000006,ST-0148,2024-12-25,13.32,36.3,183.82,Yes,3.9
SES-000255,ST-0103,2024-08-02,11.17,30.5,154.19,Yes,3.0
SES-001094,ST-0184,2024-01-30,3.25,59.1,26.02,No,3.7
SES-001039,ST-0284,2023-04-06,111.66,44.7,2824.98,Yes,3.4
SES-000384,ST-0272,2024-03-05,31.95,32.0,661.41,Yes,3.6
SES-001103,ST-0029,2024-08-28,,25.6,112.52,No,4.6
SES-000517,ST-0248,2024-10-12,1.65,30.0,13.18,No,3.4
SES-000055,ST-0131,2023-08-03,100.01,40.0,2200.16,No,4.7
SES-000468,ST-0142,2024-10-12,56.71,22.7,1434.69,Yes,3.4
SES-000267,ST-0057,2024-06-13,5.24,14.3,62.82,No,3.2
SES-001034,ST-0018,2024-06-13,16.12,44.0,193.39,No,3.0
SES-000584,ST-0011,2024-07-01,17.4,47.4,208.75,No,4.4
SES-000767,ST-0001,2023-11-10,118.73,47.5,2612.09,No,3.4
SES-000538,ST-0043,2023-06-24,94.55,37.8,2080.1,No,4.1
SES-001432,ST-0074,2024-01-06,67.86,27.1,1716.75,Yes,3.2
SES-000060,ST-0066,2023-06-06,1.44,26.2,13.27,Yes,4.4
SES-001184,ST-0254,2023-12-26,33.86,33.9,609.54,No,4.1
SES-000167,ST-0092,2024-01-19,17.8,48.6,213.63,No,4.6
SES-001257,ST-0106,2023-07-08,99.61,39.8,2191.33,No,4.1
SES-000816,ST-0223,2023-10-29,40.92,40.9,736.5,No,4.9
SES-000332,ST-0029,2024-09-30,16.73,45.6,200.77,No,3.1
SES-000248,ST-0265,2024-09-20,78.46,31.4,1985.02,Yes,3.0
SES-000374,ST-0157,2023-08-22,25.64,25.6,461.6,No,4.6
SES-001196,ST-0177,2024-10-03,109.15,43.7,2401.39,No,3.0
SES-000500,ST-0269,2024-09-16,3.74,68.0,29.92,No,4.9
SES-001199,ST-0109,2024-02-05,63.28,25.3,1392.12,No,4.2
SES-001412,ST-0187,2023-10-29,1.73,31.4,13.83,No,4.0
SES-000637,ST-0028,2024-10-30,2.5,45.5,23.04,Yes,3.1
SES-000617,ST-0149,2023-10-17,41.47,16.6,1049.08,Yes,3.8
SES-001361,ST-0102,2024-07-20,17.01,46.4,234.77,Yes,4.8
SES-001167,ST-0104,2023-10-22,16.83,45.9,232.28,Yes,3.4
SES-000567,ST-0231,2024-01-04,36.96,,765.0,Yes,3.8
SES-000235,ST-0281,2024-12-09,19.99,54.5,275.86,Yes,4.5
SES-000627,ST-0099,2023-06-01,38.76,38.8,697.69,No,4.1
SES-000431,ST-0167,2023-05-20,112.19,44.9,2838.35,Yes,4.6
SES-001011,ST-0151,2024-12-19,46.18,46.2,831.21,No,3.3
SES-001356,ST-0068,2023-10-01,3.53,64.2,28.24,No,4.9
SES-000192,ST-0190,2023-09-09,28.24,28.2,508.31,No,4.7
SES-001180,ST-0214,2023-10-25,9.45,25.8,113.35,No,3.9
SES-000436,ST-0025,2023-01-19,51.08,20.4,1292.21,Yes,3.2
SES-000837,ST-0165,2023-01-22,39.95,40.0,719.12,No,4.4
SES-001247,ST-0169,2023-02-24,50.79,20.3,1117.33,No,3.5
SES-001017,ST-0263,2023-08-05,14.38,39.2,172.62,No,3.8
SES-000185,ST-0180,2024-12-25,6.65,18.1,79.76,No,3.8
SES-000688,ST-0096,2024-07-18,44.26,44.3,796.65,No,3.9
SES-000639,ST-0217,2024-05-15,2.69,48.8,24.7,Yes,3.9
SES-000570,ST-0159,2023-03-25,41.57,,914.55,No,4.5
SES-000934,ST-0204,2023-06-14,43.26,43.3,778.63,No,4.9
SES-001170,ST-0138,2024-12-05,59.39,23.8,1306.66,No,3.3
SES-000534,ST-0255,2023-01-07,1.44,,11.55,No,4.9
SES-000686,ST-0011,2023-11-10,18.0,49.1,248.42,Yes,4.7
SES-001249,ST-0033,2024-11-22,62.54,25.0,1582.19,Yes,3.4
SES-000743,ST-0113,2024-03-07,40.99,41.0,848.56,Yes,3.1
SES-000197,ST-0180,2023-11-21,10.29,28.1,123.52,No,3.2
SES-000775,ST-0242,2023-04-14,92.28,36.9,2030.27,No,4.3
SES-000496,ST-0285,2024-04-04,104.77,41.9,2650.6,Yes,4.1
SES-000592,ST-0131,2023-04-29,59.79,23.9,1315.33,No,3.8
SES-000937,ST-0246,2023-12-14,67.23,26.9,1478.98,No,4.2
SES-001042,ST-0034,2023-03-22,13.18,35.9,158.13,No,3.2
SES-000980,ST-0254,2024-06-21,32.46,32.5,584.31,No,3.2
SES-000381,ST-0117,2023-05-23,1.39,25.2,12.77,Yes,4.8
SES-000028,ST-0171,2024-06-23,16.84,45.9,202.06,No,5.0
SES-000396,ST-0266,2023-07-23,37.36,37.4,773.38,Yes,3.2
SES-000321,ST-0204,2023-07-19,41.74,41.7,863.94,Yes,3.6
SES-000148,ST-0133,2023-04-18,3.2,58.2,25.6,No,4.6
SES-000798,ST-0033,2024-06-09,78.93,31.6,1736.36,No,4.7
SES-000624,ST-0041,2023-05-29,31.28,31.3,647.59,Yes,3.8
SES-000239,ST-0266,2024-07-05,45.28,45.3,815.11,No,4.1
SES-001010,ST-0191,2024-12-06,107.37,,2362.11,No,4.2
SES-000911,ST-0060,2023-06-18,3.67,66.8,29.37,No,3.6
SES-000896,ST-0106,2023-12-12,43.19,17.3,950.12,No,5.0
SES-001482,ST-0147,2024-05-20,2.37,43.0,18.94,No,3.7
SES-000107,ST-0120,2023-05-06,76.14,30.5,1675.07,No,4.9
SES-000351,ST-0121,2024-01-22,74.46,29.8,1883.86,Yes,4.3
SES-000651,ST-0092,2024-09-05,6.78,18.5,93.6,Yes,3.2
SES-000390,ST-0163,2024-01-26,2.15,39.1,17.19,No,3.5
SES-001005,ST-0237,2023-12-27,3.95,71.8,31.58,No,3.5
SES-001118,ST-0164,2023-11-27,34.41,34.4,712.33,Yes,3.7
SES-000555,ST-0139,2023-12-12,8.03,21.9,96.35,No,4.1
SES-001430,ST-0003,2024-02-24,46.54,46.5,837.77,No,4.9
SES-000171,ST-0191,2024-05-15,91.96,36.8,2326.61,Yes,3.1
SES-001245,ST-0263,2024-12-08,9.36,25.5,112.32,No,3.6
SES-000307,ST-0125,2024-03-08,45.04,45.0,810.72,No,3.1
SES-000416,ST-0209,2024-09-24,5.64,15.4,77.79,Yes,3.4
SES-001476,ST-0256,2023-07-19,17.32,47.2,207.83,No,3.9
SES-001286,ST-0109,2024-02-18,56.57,22.6,1244.64,No,3.3
SES-000429,ST-0130,2024-02-13,11.52,31.4,138.24,No,3.7
SES-000187,ST-0125,2024-09-25,29.13,29.1,603.01,Yes,4.7
SES-001006,ST-0059,2023-12-10,3.1,56.3,24.77,No,4.1
SES-000909,ST-0298,2024-04-24,59.55,23.8,1310.11,No,3.2
SES-000270,ST-0122,2023-01-06,53.47,21.4,1176.36,No,4.5
SES-000868,ST-0287,2024-03-13,17.95,49.0,247.71,Yes,3.9
SES-000631,ST-0143,2024-06-11,23.8,23.8,492.65,Yes,3.7
SES-000951,ST-0164,2024-08-05,25.13,25.1,452.37,No,4.1
SES-000163,ST-0215,2024-01-14,102.42,41.0,2253.26,No,3.7
SES-000414,ST-0082,2024-12-29,15.6,42.5,215.28,Yes,4.0
SES-001336,ST-0241,2023-01-27,1.08,19.6,8.6,No,3.9
SES-000096,ST-0091,2024-12-07,15.34,41.8,184.13,No,3.9
SES-000099,ST-0186,2023-04-24,12.8,34.9,,No,3.9
SES-001031,ST-0143,2024-08-14,30.65,30.6,551.68,No,4.0
SES-000877,ST-0101,2024-03-07,49.1,49.1,1016.47,Yes,3.5
SES-000818,ST-0293,2023-08-13,3.46,62.9,27.66,No,3.1
SES-000823,ST-0103,2024-03-28,11.97,32.6,165.16,Yes,3.6
SES-000208,ST-0006,2024-05-31,16.75,45.7,200.98,No,3.8
SES-000975,ST-0203,2023-08-07,40.98,41.0,737.66,No,3.9
SES-000687,ST-0266,2023-12-24,20.82,20.8,430.88,Yes,4.4
SES-000873,ST-0221,2024-10-31,409.462064448615,33.5,693.15,Yes,4.8
SES-000246,ST-0019,2023-08-15,44.15,44.2,794.71,No,3.5
SES-000230,ST-0168,2024-03-18,40.25,40.3,724.53,No,4.4
SES-000907,ST-0224,2023-02-27,67.99,27.2,1495.74,No,4.5
SES-000009,ST-0254,2024-08-05,35.53,35.5,735.48,Yes,4.3
SES-000897,ST-0147,2024-12-12,2.81,51.0,22.45,No,4.5
SES-001409,ST-0209,2024-03-12,7.96,21.7,109.85,Yes,4.7
SES-001393,ST-0121,2024-08-16,99.9,40.0,2197.75,No,4.0
SES-001438,ST-0279,2024-02-23,1.85,33.7,17.03,Yes,3.7
SES-000866,ST-0005,2024-02-04,7.46,20.3,102.95,Yes,4.0
SES-001294,ST-0162,2023-03-16,104.12,41.6,2634.12,Yes,4.1
SES-000792,ST-0092,2023-03-11,15.85,43.2,190.2,No,4.7
SES-001023,ST-0007,2023-10-02,21.85,21.8,393.3,No,3.8
SES-000190,ST-0253,2023-05-04,118.69,47.5,2611.21,No,3.8
SES-000261,ST-0122,2024-11-28,57.79,23.1,1271.34,No,4.1
SES-000145,ST-0212,2023-08-28,56.42,22.6,1241.28,No,3.6
SES-000829,ST-0065,2023-06-30,3.94,71.6,31.51,No,4.5
SES-000699,ST-0150,2023-07-07,105.72,42.3,2325.91,No,3.2
SES-000920,ST-0299,2024-07-31,1.68,30.5,13.4,No,3.1
SES-001401,ST-0269,2023-02-12,1.62,29.4,12.95,No,4.2
SES-000938,ST-0263,2024-03-17,18.81,51.3,225.67,No,4.6
SES-001036,ST-0154,2024-10-08,11.2,30.5,134.38,No,4.2
SES-001368,ST-0161,2024-09-16,71.49,28.6,1808.64,Yes,3.8
SES-000891,ST-0135,2023-05-25,8.71,23.8,120.24,Yes,3.6
SES-000595,ST-0112,2024-07-02,109.06,43.6,2759.33,Yes,4.3
SES-000532,ST-0177,2023-12-19,78.18,31.3,1720.01,No,4.6
SES-000895,ST-0164,2024-12-16,43.33,43.3,779.99,No,3.4
SES-001474,ST-0103,2023-06-22,19.43,53.0,233.12,No,3.0
SES-001152,ST-0272,2023-06-04,26.84,26.8,483.19,No,4.4
SES-000058,ST-0089,2023-11-05,1.66,30.2,15.27,Yes,3.2
SES-001058,ST-0126,2023-07-04,9.74,26.6,116.89,No,4.2
SES-001262,ST-0066,2024-11-04,1.58,28.8,14.58,Yes,4.7
SES-000283,ST-0141,2024-01-22,17.91,48.8,214.93,No,3.3
SES-000935,ST-0084,2024-09-15,3.81,69.4,30.52,No,3.7
SES-000363,ST-0039,2023-10-11,30.84,30.8,555.18,No,3.3
SES-000244,ST-0188,2024-12-14,22.44,22.4,464.61,Yes,3.9
SES-000093,ST-0238,2024-05-13,17.42,47.5,209.05,No,3.1
SES-001235,ST-0189,2024-09-21,106.42,42.6,2341.3,No,3.6
SES-000338,ST-0131,2023-10-29,118.47,47.4,2606.28,No,3.7
SES-001014,ST-0245,2024-09-30,78.76,31.5,1992.71,Yes,3.4
SES-000948,ST-0267,2023-07-03,11.49,31.3,158.58,Yes,4.6
SES-001110,ST-0251,2024-03-01,69.0,27.6,1517.94,No,3.3
SES-000191,ST-0122,2023-01-20,79.74,31.9,2017.37,Yes,4.2
SES-000040,ST-0130,2023-07-06,13.6,37.1,187.67,Yes,4.5
SES-000976,ST-0170,2023-01-24,1.43,26.0,,Yes,3.4
SES-000635,ST-0132,2024-01-20,25.14,,452.5,No,4.1
SES-000765,ST-0055,2024-09-23,48.27,48.3,868.91,No,4.4
SES-000724,ST-0222,2024-10-08,98.57,39.4,2493.77,Yes,4.4
SES-001129,ST-0098,2024-06-18,2.01,36.6,16.09,No,5.0
SES-000064,ST-0149,2023-01-09,117.28,46.9,2967.3,Yes,4.2
SES-000234,ST-0231,2024-04-15,39.37,39.4,815.02,Yes,3.9
SES-000677,ST-0194,2024-03-20,46.48,46.5,962.12,Yes,4.6
SES-000106,ST-0012,2024-01-08,2.42,44.0,22.25,Yes,3.8
SES-000754,ST-0201,2023-01-09,1.63,29.5,13.0,No,4.1
SES-000903,ST-0096,2024-12-27,46.44,46.4,835.88,No,4.0
SES-000254,ST-0299,2023-06-24,1.52,27.6,12.17,No,3.3
SES-000423,ST-0121,2024-02-26,84.68,33.9,,No,4.6
SES-000775,ST-0242,2023-04-14,92.28,36.9,2030.27,No,4.3
SES-001233,ST-0130,2024-07-26,11.59,31.6,159.88,Yes,3.4
SES-000859,ST-0210,2023-07-02,28.03,28.0,504.49,No,3.7
SES-000925,ST-0083,2024-12-20,107.3,42.9,2360.5,No,4.7
SES-000080,ST-0020,2023-10-28,29.08,29.1,601.91,Yes,4.1
SES-000990,ST-0023,2023-11-28,73.12,29.2,1608.64,No,3.6
SES-001107,ST-0128,2024-02-17,119.86,47.9,2636.83,No,5.0
SES-000498,ST-0054,2024-01-04,14.59,39.8,175.05,No,4.8
SES-001453,ST-0246,2024-10-07,57.87,23.1,1273.23,No,3.6
SES-000088,ST-0260,2024-01-03,2.88,52.3,23.01,No,3.6
SES-000065,ST-0099,2024-12-31,37.75,37.7,679.46,No,3.1
SES-001295,ST-0213,2024-09-13,26.53,26.5,477.51,No,4.2
SES-000606,ST-0190,2024-12-24,26.64,26.6,479.49,No,3.4
SES-000275,ST-0252,2023-04-10,75.5,30.2,1660.94,No,4.6
SES-001265,ST-0263,2023-04-13,11.06,30.2,152.57,Yes,4.3
SES-001354,ST-0045,2023-11-06,105.32,42.1,2316.95,No,4.5
SES-001435,ST-0089,2024-02-22,1.81,32.8,16.61,Yes,4.9
SES-000154,ST-0037,2024-02-17,23.1,23.1,,No,3.9
SES-000614,ST-0085,2024-07-15,3.92,71.3,31.39,No,4.6
SES-000411,ST-0278,2024-08-05,42.63,42.6,767.41,No,4.9
SES-000831,ST-0300,2023-06-16,8.01,21.8,110.55,Yes,3.3
SES-000913,ST-0220,2023-04-22,18.52,50.5,255.57,Yes,3.5
SES-000518,ST-0240,2024-10-28,2.79,50.8,22.35,No,4.8
SES-000045,ST-0224,2024-09-10,90.96,36.4,2301.17,Yes,3.5
SES-000391,ST-0104,2023-03-07,484.563855954975,34.1,150.17,No,3.9
SES-000221,ST-0211,2024-09-27,48.42,48.4,871.47,No,4.3
SES-000141,ST-0249,2023-02-18,3.91,71.0,31.26,No,3.8
SES-000358,ST-0223,2024-05-24,37.21,37.2,669.74,No,4.4
SES-000723,ST-0263,2023-10-28,16.21,44.2,223.72,Yes,3.2
SES-001158,ST-0072,2024-06-26,9.96,27.2,119.48,No,4.1
SES-000262,ST-0125,2023-01-03,40.28,40.3,724.98,No,3.2
SES-001303,ST-0075,2024-10-06,46.73,46.7,841.2,No,3.1
SES-000899,ST-0161,2023-02-02,96.67,38.7,2126.77,No,3.2
SES-001104,ST-0101,2023-01-22,25.77,25.8,533.53,Yes,4.7
SES-000196,ST-0200,2024-02-29,116.06,46.4,2553.25,No,4.2
SES-000116,ST-0186,2024-06-12,5.73,15.6,68.74,No,4.2
SES-001076,ST-0016,2024-08-24,305.645462046492,33.4,14.68,No,4.8
SES-001074,ST-0019,2023-07-22,34.62,34.6,716.72,Yes,3.8
SES-000719,ST-0050,2023-02-22,17.36,47.3,208.29,No,4.3
SES-001463,ST-0239,2024-03-12,6.45,17.6,77.41,No,4.3
SES-001209,ST-0283,2023-10-23,94.31,37.7,,Yes,4.2
SES-001352,ST-0298,2024-07-10,49.86,19.9,1261.47,Yes,3.3
SES-000359,ST-0108,2023-01-26,3.07,55.8,28.23,Yes,3.7
SES-001061,ST-0092,2023-12-22,7.97,21.7,95.64,No,4.5
SES-001020,ST-0011,2024-04-20,19.61,53.5,235.37,No,3.5
SES-001001,ST-0008,2024-01-08,31.09,31.1,559.59,No,4.3
SES-000936,ST-0051,2023-12-16,79.39,31.8,1746.64,No,3.4
SES-000755,ST-0257,2023-10-16,31.66,31.7,569.93,No,4.0
SES-000421,ST-0190,2024-07-04,40.02,40.0,720.3,No,4.2
SES-000150,ST-0136,2023-05-31,14.2,,170.44,No,3.0
SES-000010,ST-0024,2023-02-19,39.27,39.3,812.95,Yes,4.7
SES-001070,ST-0259,2023-07-24,39.88,39.9,825.46,Yes,3.9
SES-001120,ST-0152,2024-01-13,67.92,27.2,1494.22,No,4.7
SES-001442,ST-0155,2023-09-27,18.16,49.5,250.61,Yes,4.1
SES-000535,ST-0021,2023-01-02,53.23,21.3,1170.97,No,4.9
SES-000549,ST-0135,2024-05-04,12.67,34.5,151.98,No,3.3
SES-000299,ST-0147,2023-05-21,3.5,63.7,32.23,Yes,3.4
SES-000977,ST-0017,2024-10-12,6.68,18.2,92.15,Yes,4.8
SES-001315,ST-0102,2024-07-07,13.5,36.8,186.33,Yes,4.5
SES-001338,ST-0014,2023-02-23,8.68,23.7,104.14,No,4.2
SES-000123,ST-0133,2024-03-05,1.89,34.4,15.14,No,4.9
SES-001390,ST-0147,2024-03-26,3.58,65.1,28.66,No,4.8
SES-001160,ST-0030,2023-04-24,9.55,26.1,114.64,No,4.8
SES-001397,ST-0207,2023-05-11,19.77,53.9,237.2,No,3.8
SES-000710,ST-0061,2024-12-02,14.49,39.5,173.88,No,4.0
SES-001377,ST-0257,2023-02-28,26.69,26.7,480.48,No,3.2
SES-000770,ST-0143,2023-10-03,48.22,48.2,998.1,Yes,3.7
SES-000089,ST-0286,2023-06-12,46.03,46.0,828.6,No,3.1
SES-001444,ST-0165,2023-02-04,42.97,43.0,889.58,Yes,4.2
SES-001033,ST-0226,2023-06-27,2.17,39.5,17.37,No,3.5
SES-000098,ST-0030,2024-03-24,6.45,17.6,77.38,No,3.4
SES-001489,ST-0244,2023-02-09,6.68,18.2,80.21,No,3.3
SES-000349,ST-0277,2023-07-27,9.49,25.9,130.96,Yes,4.1
SES-000510,ST-0187,2024-03-01,2.53,46.0,20.26,No,4.6
SES-000212,ST-0166,2023-01-20,9.25,25.2,111.0,No,3.4
SES-000704,ST-0294,2023-11-17,48.22,48.2,867.95,No,4.4
SES-000747,ST-0261,2024-11-29,1.61,29.3,12.89,No,3.4
SES-001046,ST-0292,2023-09-09,1.05,19.2,9.71,Yes,4.1
SES-000940,ST-0188,2024-09-17,49.51,49.5,1024.77,Yes,4.3
SES-001452,ST-0268,2023-12-30,38.62,38.6,695.18,No,4.0
SES-001350,ST-0068,2023-05-13,1.21,21.9,9.64,No,4.6
SES-001395,ST-0103,2023-03-07,15.53,42.4,214.38,Yes,4.6
SES-000479,ST-0147,2023-12-03,2.9,52.8,23.22,No,4.7
SES-000492,ST-0104,2023-03-22,12.79,34.9,176.52,Yes,4.2
SES-000842,ST-0289,2023-12-13,12.74,34.8,152.94,No,4.4
SES-001071,ST-0127,2024-07-18,99.42,39.8,2515.44,Yes,3.3
SES-000365,ST-0136,2023-07-25,12.61,34.4,174.0,Yes,3.7
SES-000297,ST-0163,2024-06-05,1.6,29.1,14.7,Yes,3.7
SES-000050,ST-0077,2024-09-23,7.02,19.2,96.9,Yes,4.1
SES-000225,ST-0001,2024-10-09,105.33,42.1,2317.25,No,4.3
SES-001244,ST-0289,2023-04-10,11.66,31.8,160.97,Yes,4.2
SES-001469,ST-0092,2024-05-13,7.77,21.2,107.22,Yes,4.4
SES-000851,ST-0180,2024-01-30,6.3,17.2,86.96,Yes,3.1
SES-000648,ST-0032,2024-06-15,2.1,38.2,,No,4.8
SES-001226,ST-0196,2023-11-09,3.44,62.5,31.63,Yes,3.3
SES-000563,ST-0242,2023-09-12,68.83,27.5,1514.32,No,5.0
SES-000623,ST-0076,2024-12-13,6.51,17.8,89.82,Yes,5.0
SES-000336,ST-0187,2024-03-15,1.57,28.6,14.46,Yes,3.8
SES-001088,ST-0201,2024-01-02,2.99,54.3,23.89,No,4.6
SES-000805,ST-0239,2023-08-14,17.93,48.9,247.44,Yes,4.0
SES-000605,ST-0253,2023-05-07,42.53,17.0,935.58,No,4.0
SES-001270,ST-0238,2023-01-12,15.43,42.1,185.18,No,5.0
SES-000443,ST-0260,2024-06-19,3.57,64.9,28.56,No,3.3
SES-001422,ST-0052,2024-07-05,25.22,25.2,453.99,No,4.9
SES-001025,ST-0003,2024-02-29,43.83,43.8,907.25,Yes,3.4
SES-000540,ST-0142,2023-07-06,60.85,24.3,1539.45,Yes,4.1
SES-000768,ST-0102,2024-03-12,10.86,29.6,149.82,Yes,3.1
SES-000763,ST-0157,2023-05-16,24.85,24.8,514.36,Yes,4.0
SES-000869,ST-0175,2023-11-27,13.28,36.2,183.24,Yes,3.2
SES-000690,ST-0029,2024-02-03,7.39,20.2,101.97,Yes,4.8
SES-000188,ST-0059,2023-02-24,3.08,56.0,24.65,No,3.3
SES-000407,ST-0230,2024-08-11,2.49,45.3,22.91,Yes,4.6
SES-001012,ST-0012,2023-04-17,1.42,25.9,11.38,No,3.5
SES-001173,ST-0082,2023-01-14,12.42,33.9,171.42,Yes,4.2
SES-000752,ST-0084,2024-12-01,3.12,56.6,28.66,Yes,4.2
SES-001051,ST-0107,2023-10-17,40.2,,832.24,Yes,4.7
SES-000462,ST-0245,2024-09-05,103.33,41.3,2614.15,Yes,3.2
SES-000671,ST-0159,2023-09-18,51.23,20.5,1126.97,No,3.7
SES-000656,ST-0185,2024-06-02,63.46,25.4,1396.15,No,4.8
SES-000786,ST-0012,2024-07-13,3.02,54.9,27.8,Yes,3.8
SES-001084,ST-0234,2024-02-24,23.29,23.3,482.1,Yes,3.4
SES-000715,ST-0081,2023-02-13,73.49,29.4,1616.75,No,4.7
SES-001351,ST-0255,2023-05-06,2.15,39.1,17.22,No,3.3
SES-000425,ST-0298,2024-05-31,55.08,22.0,1211.74,No,4.6
SES-000044,ST-0200,2023-07-11,112.61,45.0,2477.52,No,3.6
SES-000662,ST-0243,2024-06-19,38.53,38.5,693.51,No,4.5
SES-000636,ST-0189,2024-10-27,64.22,25.7,1412.8,No,3.6
SES-000529,ST-0182,2024-05-27,109.18,43.7,2401.9,No,3.1
SES-000988,ST-0226,2024-07-28,1.74,31.6,13.91,No,4.5
SES-000219,ST-0068,2024-03-09,2.3,41.8,18.4,No,3.4
SES-000821,ST-0289,2024-12-05,5.13,14.0,61.6,No,3.8
SES-000182,ST-0296,2024-11-17,19.44,53.0,233.32,No,4.3
SES-001460,ST-0248,2023-10-14,2.95,,23.63,No,4.1
SES-000856,ST-0007,2023-10-16,21.21,21.2,438.96,Yes,3.2
SES-000610,ST-0194,2023-08-04,29.65,29.6,533.66,No,3.2
SES-000486,ST-0114,2024-01-26,1.68,30.5,13.43,No,4.6
SES-001150,ST-0032,2023-09-29,1.98,36.0,15.82,No,3.4
SES-001018,ST-0007,2024-07-18,35.71,35.7,642.78,No,3.6
SES-001086,ST-0032,2023-01-31,2.93,53.2,23.41,No,4.5
SES-000082,ST-0136,2023-06-15,13.12,35.8,157.49,No,3.9
SES-000325,ST-0181,2023-12-14,3.58,65.1,28.65,No,4.4
SES-001410,ST-0300,2023-12-01,5.05,13.8,69.65,Yes,4.6
SES-001081,ST-0101,2024-08-03,24.89,24.9,448.09,No,3.5
SES-000020,ST-0128,2023-04-09,50.87,20.3,,No,3.5
SES-000455,ST-0205,2024-02-09,31.19,31.2,561.35,No,3.9
SES-001111,ST-0274,2023-12-21,1.98,36.0,18.21,Yes,4.9
SES-000839,ST-0210,2023-03-27,41.73,41.7,863.75,Yes,4.5
SES-000759,ST-0181,2023-09-11,,42.4,18.66,No,3.1
SES-001341,ST-0261,2024-03-24,3.1,56.4,28.55,Yes,4.7
SES-000035,ST-0137,2024-03-11,15.68,42.8,216.42,Yes,3.5
SES-000809,ST-0005,2023-10-12,13.24,36.1,158.91,No,4.3
SES-001163,ST-0122,2023-08-20,42.78,17.1,1082.28,Yes,4.4
SES-000905,ST-0038,2024-06-18,49.43,49.4,889.71,No,4.7
SES-000801,ST-0144,2023-07-31,1.22,22.2,9.75,No,4.5
SES-000097,ST-0050,2023-04-17,13.08,35.7,,No,3.7
SES-001108,ST-0277,2024-06-24,19.69,53.7,236.24,No,4.8
SES-000447,ST-0116,2023-09-02,75.2,30.1,1654.41,No,3.8
SES-000475,ST-0080,2023-03-03,78.14,31.3,1719.01,No,4.8
SES-000367,ST-0167,2024-11-30,68.01,27.2,1720.61,Yes,3.4
SES-001465,ST-0282,2023-02-12,2.97,54.0,23.77,No,3.2
SES-000761,ST-0099,2024-05-29,20.97,21.0,377.47,No,4.1
SES-000919,ST-0233,2023-03-29,54.61,21.8,1381.59,Yes,3.1
SES-001426,ST-0259,2024-08-12,43.2,43.2,894.23,Yes,4.8
SES-000760,ST-0201,2024-12-24,2.21,40.2,20.36,Yes,4.4
SES-000393,ST-0177,2024-04-07,57.26,22.9,1448.73,Yes,3.1
SES-001296,ST-0135,2023-11-25,17.9,48.8,214.82,No,3.4
SES-000507,ST-0035,2023-05-20,1.69,30.7,15.54,Yes,3.1
SES-000435,ST-0088,2023-10-13,12.11,33.0,167.15,Yes,3.5
SES-000649,ST-0169,2024-10-29,56.53,22.6,1243.6,No,3.2
SES-000943,ST-0202,2023-11-13,,18.1,79.81,No,3.1
SES-001232,ST-0057,2024-02-25,9.5,25.9,113.99,No,4.9
SES-001344,ST-0004,2023-04-05,72.42,29.0,1832.24,Yes,4.5
SES-001499,ST-0297,2024-05-17,5.79,15.8,69.48,No,3.2
SES-000133,ST-0226,2023-05-10,2.8,50.9,22.39,No,3.7
SES-001075,ST-0242,2023-04-16,68.12,27.2,1498.65,No,3.4
SES-000973,ST-0214,2024-09-07,16.38,44.7,226.04,Yes,3.4
SES-001263,ST-0003,2024-12-17,28.75,28.8,595.13,Yes,3.8
SES-000451,ST-0045,2023-04-09,107.55,43.0,2366.08,No,4.7
SES-000032,ST-0106,2024-06-19,52.36,20.9,1151.91,No,3.8
SES-000122,ST-0105,2023-03-01,20.13,20.1,362.35,No,3.8
SES-001236,ST-0274,2024-08-17,2.26,41.0,18.06,No,4.8
SES-001376,ST-0172,2023-12-16,1.91,34.7,15.26,No,3.5
SES-001479,ST-0228,2024-06-17,28.7,28.7,516.54,No,4.6
SES-001327,ST-0141,2023-03-16,13.37,36.5,184.5,Yes,4.2
SES-001113,ST-0027,2024-02-07,14.8,40.4,177.65,No,3.6
SES-001350,ST-0068,2023-05-13,1.21,21.9,9.64,No,4.6
SES-001348,ST-0004,2023-07-04,57.6,23.0,1457.3,Yes,3.6
SES-000256,ST-0048,2024-08-25,96.34,38.5,2437.47,Yes,3.5
SES-000893,ST-0299,2024-03-02,3.02,54.9,24.17,No,3.7
SES-000360,ST-0282,2023-09-29,3.9,70.8,31.16,No,4.4
SES-000052,ST-0040,2023-03-31,1.96,35.6,15.64,No,5.0
SES-000876,ST-0122,2023-08-24,90.42,36.2,1989.26,No,3.9
SES-000939,ST-0113,2024-11-30,20.32,,365.67,No,3.2
SES-000773,ST-0110,2023-02-23,29.48,29.5,,Yes,4.6
SES-001127,ST-0154,2023-06-01,7.86,21.4,108.48,Yes,3.7
SES-001220,ST-0272,2024-11-25,40.88,40.9,,Yes,4.3
SES-000680,ST-0122,2024-07-15,44.17,17.7,1117.43,Yes,3.7
SES-000806,ST-0123,2024-07-19,41.62,41.6,749.21,No,3.2
SES-000125,ST-0196,2023-11-18,3.4,61.8,27.21,No,4.9
SES-000405,ST-0024,2023-11-14,21.8,21.8,392.36,No,4.9
SES-000731,ST-0144,2023-04-14,2.34,42.6,18.73,No,3.3
SES-001312,ST-0228,2023-03-14,29.57,29.6,532.28,No,3.6
SES-000832,ST-0072,2024-12-04,9.24,25.2,110.92,No,4.6
SES-001072,ST-0146,2024-05-22,11.77,32.1,141.21,No,3.0
SES-000726,ST-0050,2023-02-06,,23.7,104.19,No,3.9
SES-000588,ST-0028,2024-07-29,1.52,27.7,12.17,No,4.1
SES-000608,ST-0033,2024-01-21,46.68,18.7,1180.95,Yes,3.0
SES-000434,ST-0052,2024-12-31,41.8,41.8,752.37,No,4.4
SES-000675,ST-0019,2024-07-31,48.33,48.3,870.0,No,3.5
SES-001288,ST-0102,2023-04-19,9.59,26.2,132.37,Yes,4.9
SES-000361,ST-0275,2023-03-26,35.42,35.4,637.61,No,3.7
SES-001100,ST-0124,2024-05-20,13.44,36.7,185.53,Yes,3.2
SES-000467,ST-0188,2024-12-11,48.74,48.7,877.37,No,3.1
SES-000300,ST-0210,2023-11-16,43.51,43.5,900.64,Yes,4.0
SES-000494,ST-0115,2023-09-08,33.4,33.4,601.16,No,3.2
SES-000528,ST-0017,2024-03-13,11.13,30.4,153.62,Yes,4.9
SES-001193,ST-0068,2024-12-13,1.88,34.1,15.01,No,4.7
